failed to get console mode for stdout: The handle is invalid.
[1A[1B[0G[?25l[+] Building 0.0s (0/1)                                                         
[?25h[1A[0G[?25l[+] Building 0.1s (2/4)                                                         
[34m => [internal] load build definition from Dockerfile                       0.0s
[0m[34m => => transferring dockerfile: 921B                                       0.0s
[0m[34m => [internal] load .dockerignore                                          0.0s
[0m[34m => => transferring context: 2B                                            0.0s
[0m => [internal] load metadata for docker.io/library/nginx:alpine            0.0s
 => [internal] load metadata for docker.io/library/node:20.14.0            0.0s
[?25h[1A[1A[1A[1A[1A[1A[1A[0G[?25l[+] Building 0.3s (2/4)                                                         
[34m => [internal] load build definition from Dockerfile                       0.0s
[0m[34m => => transferring dockerfile: 921B                                       0.0s
[0m[34m => [internal] load .dockerignore                                          0.0s
[0m[34m => => transferring context: 2B                                            0.0s
[0m => [internal] load metadata for docker.io/library/nginx:alpine            0.2s
 => [internal] load metadata for docker.io/library/node:20.14.0            0.2s
[?25h[1A[1A[1A[1A[1A[1A[1A[0G[?25l[+] Building 0.4s (2/4)                                                         
[34m => [internal] load build definition from Dockerfile                       0.0s
[0m[34m => => transferring dockerfile: 921B                                       0.0s
[0m[34m => [internal] load .dockerignore                                          0.0s
[0m[34m => => transferring context: 2B                                            0.0s
[0m => [internal] load metadata for docker.io/library/nginx:alpine            0.3s
 => [internal] load metadata for docker.io/library/node:20.14.0            0.3s
[?25h[1A[1A[1A[1A[1A[1A[1A[0G[?25l[+] Building 0.6s (2/4)                                                         
[34m => [internal] load build definition from Dockerfile                       0.0s
[0m[34m => => transferring dockerfile: 921B                                       0.0s
[0m[34m => [internal] load .dockerignore                                          0.0s
[0m[34m => => transferring context: 2B                                            0.0s
[0m => [internal] load metadata for docker.io/library/nginx:alpine            0.5s
 => [internal] load metadata for docker.io/library/node:20.14.0            0.5s
[?25h[1A[1A[1A[1A[1A[1A[1A[0G[?25l[+] Building 0.7s (2/4)                                                         
[34m => [internal] load build definition from Dockerfile                       0.0s
[0m[34m => => transferring dockerfile: 921B                                       0.0s
[0m[34m => [internal] load .dockerignore                                          0.0s
[0m[34m => => transferring context: 2B                                            0.0s
[0m => [internal] load metadata for docker.io/library/nginx:alpine            0.6s
 => [internal] load metadata for docker.io/library/node:20.14.0            0.6s
[?25h[1A[1A[1A[1A[1A[1A[1A[0G[?25l[+] Building 0.9s (2/4)                                                         
[34m => [internal] load build definition from Dockerfile                       0.0s
[0m[34m => => transferring dockerfile: 921B                                       0.0s
[0m[34m => [internal] load .dockerignore                                          0.0s
[0m[34m => => transferring context: 2B                                            0.0s
[0m => [internal] load metadata for docker.io/library/nginx:alpine            0.8s
 => [internal] load metadata for docker.io/library/node:20.14.0            0.8s
[?25h[1A[1A[1A[1A[1A[1A[1A[0G[?25l[+] Building 1.0s (2/4)                                                         
[34m => [internal] load build definition from Dockerfile                       0.0s
[0m[34m => => transferring dockerfile: 921B                                       0.0s
[0m[34m => [internal] load .dockerignore                                          0.0s
[0m[34m => => transferring context: 2B                                            0.0s
[0m => [internal] load metadata for docker.io/library/nginx:alpine            0.9s
 => [internal] load metadata for docker.io/library/node:20.14.0            0.9s
[?25h[1A[1A[1A[1A[1A[1A[1A[0G[?25l[+] Building 1.2s (2/4)                                                         
[34m => [internal] load build definition from Dockerfile                       0.0s
[0m[34m => => transferring dockerfile: 921B                                       0.0s
[0m[34m => [internal] load .dockerignore                                          0.0s
[0m[34m => => transferring context: 2B                                            0.0s
[0m => [internal] load metadata for docker.io/library/nginx:alpine            1.1s
 => [internal] load metadata for docker.io/library/node:20.14.0            1.1s
[?25h[1A[1A[1A[1A[1A[1A[1A[0G[?25l[+] Building 1.4s (2/4)                                                         
[34m => [internal] load build definition from Dockerfile                       0.0s
[0m[34m => => transferring dockerfile: 921B                                       0.0s
[0m[34m => [internal] load .dockerignore                                          0.0s
[0m[34m => => transferring context: 2B                                            0.0s
[0m => [internal] load metadata for docker.io/library/nginx:alpine            1.2s
 => [internal] load metadata for docker.io/library/node:20.14.0            1.2s
[?25h[1A[1A[1A[1A[1A[1A[1A[0G[?25l[+] Building 1.5s (2/4)                                                         
[34m => [internal] load build definition from Dockerfile                       0.0s
[0m[34m => => transferring dockerfile: 921B                                       0.0s
[0m[34m => [internal] load .dockerignore                                          0.0s
[0m[34m => => transferring context: 2B                                            0.0s
[0m => [internal] load metadata for docker.io/library/nginx:alpine            1.4s
 => [internal] load metadata for docker.io/library/node:20.14.0            1.4s
[?25h[1A[1A[1A[1A[1A[1A[1A[0G[?25l[+] Building 1.7s (2/4)                                                         
[34m => [internal] load build definition from Dockerfile                       0.0s
[0m[34m => => transferring dockerfile: 921B                                       0.0s
[0m[34m => [internal] load .dockerignore                                          0.0s
[0m[34m => => transferring context: 2B                                            0.0s
[0m => [internal] load metadata for docker.io/library/nginx:alpine            1.6s
 => [internal] load metadata for docker.io/library/node:20.14.0            1.6s
[?25h[1A[1A[1A[1A[1A[1A[1A[0G[?25l[+] Building 1.8s (2/4)                                                         
[34m => [internal] load build definition from Dockerfile                       0.0s
[0m[34m => => transferring dockerfile: 921B                                       0.0s
[0m[34m => [internal] load .dockerignore                                          0.0s
[0m[34m => => transferring context: 2B                                            0.0s
[0m => [internal] load metadata for docker.io/library/nginx:alpine            1.7s
 => [internal] load metadata for docker.io/library/node:20.14.0            1.7s
[?25h[1A[1A[1A[1A[1A[1A[1A[0G[?25l[+] Building 2.0s (2/4)                                                         
[34m => [internal] load build definition from Dockerfile                       0.0s
[0m[34m => => transferring dockerfile: 921B                                       0.0s
[0m[34m => [internal] load .dockerignore                                          0.0s
[0m[34m => => transferring context: 2B                                            0.0s
[0m => [internal] load metadata for docker.io/library/nginx:alpine            1.9s
 => [internal] load metadata for docker.io/library/node:20.14.0            1.9s
[?25h[1A[1A[1A[1A[1A[1A[1A[0G[?25l[+] Building 2.1s (2/4)                                                         
[34m => [internal] load build definition from Dockerfile                       0.0s
[0m[34m => => transferring dockerfile: 921B                                       0.0s
[0m[34m => [internal] load .dockerignore                                          0.0s
[0m[34m => => transferring context: 2B                                            0.0s
[0m => [internal] load metadata for docker.io/library/nginx:alpine            2.0s
 => [internal] load metadata for docker.io/library/node:20.14.0            2.0s
[?25h[1A[1A[1A[1A[1A[1A[1A[0G[?25l[+] Building 2.3s (2/4)                                                         
[34m => [internal] load build definition from Dockerfile                       0.0s
[0m[34m => => transferring dockerfile: 921B                                       0.0s
[0m[34m => [internal] load .dockerignore                                          0.0s
[0m[34m => => transferring context: 2B                                            0.0s
[0m => [internal] load metadata for docker.io/library/nginx:alpine            2.2s
 => [internal] load metadata for docker.io/library/node:20.14.0            2.2s
[?25h[1A[1A[1A[1A[1A[1A[1A[0G[?25l[+] Building 2.4s (6/15)                                                        
[34m => => transferring context: 2B                                            0.0s
[0m[34m => [internal] load metadata for docker.io/library/nginx:alpine            2.3s
[0m[34m => [internal] load metadata for docker.io/library/node:20.14.0            2.2s
[0m[34m => CACHED [stage-1 1/3] FROM docker.io/library/nginx:alpine@sha256:74175  0.0s
[0m[34m => [build 1/7] FROM docker.io/library/node:20.14.0@sha256:02cd2205818f12  0.0s
[0m => [internal] load build context                                          0.1s
 => => transferring context: 28B                                           0.1s
 => [stage-1 2/3] RUN chmod -R 755 /usr/share/nginx/html                   0.1s
[?25h[1A[1A[1A[1A[1A[1A[1A[1A[1A[0G[?25l[+] Building 2.6s (6/15)                                                        
[34m => => transferring context: 2B                                            0.0s
[0m[34m => [internal] load metadata for docker.io/library/nginx:alpine            2.3s
[0m[34m => [internal] load metadata for docker.io/library/node:20.14.0            2.2s
[0m[34m => CACHED [stage-1 1/3] FROM docker.io/library/nginx:alpine@sha256:74175  0.0s
[0m[34m => [build 1/7] FROM docker.io/library/node:20.14.0@sha256:02cd2205818f12  0.0s
[0m => [internal] load build context                                          0.2s
 => => transferring context: 115.94kB                                      0.2s
 => [stage-1 2/3] RUN chmod -R 755 /usr/share/nginx/html                   0.2s
[?25h[1A[1A[1A[1A[1A[1A[1A[1A[1A[0G[?25l[+] Building 2.7s (6/15)                                                        
[34m => => transferring context: 2B                                            0.0s
[0m[34m => [internal] load metadata for docker.io/library/nginx:alpine            2.3s
[0m[34m => [internal] load metadata for docker.io/library/node:20.14.0            2.2s
[0m[34m => CACHED [stage-1 1/3] FROM docker.io/library/nginx:alpine@sha256:74175  0.0s
[0m[34m => [build 1/7] FROM docker.io/library/node:20.14.0@sha256:02cd2205818f12  0.0s
[0m => [internal] load build context                                          0.3s
 => => transferring context: 176.64kB                                      0.3s
 => [stage-1 2/3] RUN chmod -R 755 /usr/share/nginx/html                   0.3s
[?25h[1A[1A[1A[1A[1A[1A[1A[1A[1A[0G[?25l[+] Building 2.8s (6/15)                                                        
[34m => => transferring context: 2B                                            0.0s
[0m[34m => [internal] load metadata for docker.io/library/nginx:alpine            2.3s
[0m[34m => [internal] load metadata for docker.io/library/node:20.14.0            2.2s
[0m[34m => CACHED [stage-1 1/3] FROM docker.io/library/nginx:alpine@sha256:74175  0.0s
[0m[34m => [build 1/7] FROM docker.io/library/node:20.14.0@sha256:02cd2205818f12  0.0s
[0m => [internal] load build context                                          0.5s
 => => transferring context: 245.71kB                                      0.5s
 => [stage-1 2/3] RUN chmod -R 755 /usr/share/nginx/html                   0.4s
[?25h[1A[1A[1A[1A[1A[1A[1A[1A[1A[0G[?25l[+] Building 3.0s (6/15)                                                        
[34m => => transferring context: 2B                                            0.0s
[0m[34m => [internal] load metadata for docker.io/library/nginx:alpine            2.3s
[0m[34m => [internal] load metadata for docker.io/library/node:20.14.0            2.2s
[0m[34m => CACHED [stage-1 1/3] FROM docker.io/library/nginx:alpine@sha256:74175  0.0s
[0m[34m => [build 1/7] FROM docker.io/library/node:20.14.0@sha256:02cd2205818f12  0.0s
[0m => [internal] load build context                                          0.6s
 => => transferring context: 265.97kB                                      0.6s
 => [stage-1 2/3] RUN chmod -R 755 /usr/share/nginx/html                   0.6s
[?25h[1A[1A[1A[1A[1A[1A[1A[1A[1A[0G[?25l[+] Building 3.1s (6/15)                                                        
[34m => => transferring context: 2B                                            0.0s
[0m[34m => [internal] load metadata for docker.io/library/nginx:alpine            2.3s
[0m[34m => [internal] load metadata for docker.io/library/node:20.14.0            2.2s
[0m[34m => CACHED [stage-1 1/3] FROM docker.io/library/nginx:alpine@sha256:74175  0.0s
[0m[34m => [build 1/7] FROM docker.io/library/node:20.14.0@sha256:02cd2205818f12  0.0s
[0m => [internal] load build context                                          0.7s
 => => transferring context: 398.40kB                                      0.7s
 => [stage-1 2/3] RUN chmod -R 755 /usr/share/nginx/html                   0.7s
[?25h[1A[1A[1A[1A[1A[1A[1A[1A[1A[0G[?25l[+] Building 3.2s (6/15)                                                        
[34m => => transferring context: 2B                                            0.0s
[0m[34m => [internal] load metadata for docker.io/library/nginx:alpine            2.3s
[0m[34m => [internal] load metadata for docker.io/library/node:20.14.0            2.2s
[0m[34m => CACHED [stage-1 1/3] FROM docker.io/library/nginx:alpine@sha256:74175  0.0s
[0m[34m => [build 1/7] FROM docker.io/library/node:20.14.0@sha256:02cd2205818f12  0.0s
[0m => [internal] load build context                                          0.9s
 => => transferring context: 484.03kB                                      0.9s
 => [stage-1 2/3] RUN chmod -R 755 /usr/share/nginx/html                   0.8s
[?25h[1A[1A[1A[1A[1A[1A[1A[1A[1A[0G[?25l[+] Building 3.4s (7/15)                                                        
[34m => => transferring context: 2B                                            0.0s
[0m[34m => [internal] load metadata for docker.io/library/nginx:alpine            2.3s
[0m[34m => [internal] load metadata for docker.io/library/node:20.14.0            2.2s
[0m[34m => CACHED [stage-1 1/3] FROM docker.io/library/nginx:alpine@sha256:74175  0.0s
[0m[34m => [build 1/7] FROM docker.io/library/node:20.14.0@sha256:02cd2205818f12  0.0s
[0m => [internal] load build context                                          1.0s
 => => transferring context: 543.91kB                                      1.0s
[34m => [stage-1 2/3] RUN chmod -R 755 /usr/share/nginx/html                   1.0s
[0m[?25h[1A[1A[1A[1A[1A[1A[1A[1A[1A[0G[?25l[+] Building 3.5s (7/15)                                                        
[34m => => transferring context: 2B                                            0.0s
[0m[34m => [internal] load metadata for docker.io/library/nginx:alpine            2.3s
[0m[34m => [internal] load metadata for docker.io/library/node:20.14.0            2.2s
[0m[34m => CACHED [stage-1 1/3] FROM docker.io/library/nginx:alpine@sha256:74175  0.0s
[0m[34m => [build 1/7] FROM docker.io/library/node:20.14.0@sha256:02cd2205818f12  0.0s
[0m => [internal] load build context                                          1.1s
 => => transferring context: 671.43kB                                      1.1s
[34m => [stage-1 2/3] RUN chmod -R 755 /usr/share/nginx/html                   1.0s
[0m[?25h[1A[1A[1A[1A[1A[1A[1A[1A[1A[0G[?25l[+] Building 3.6s (7/15)                                                        
[34m => => transferring context: 2B                                            0.0s
[0m[34m => [internal] load metadata for docker.io/library/nginx:alpine            2.3s
[0m[34m => [internal] load metadata for docker.io/library/node:20.14.0            2.2s
[0m[34m => CACHED [stage-1 1/3] FROM docker.io/library/nginx:alpine@sha256:74175  0.0s
[0m[34m => [build 1/7] FROM docker.io/library/node:20.14.0@sha256:02cd2205818f12  0.0s
[0m => [internal] load build context                                          1.2s
 => => transferring context: 707.72kB                                      1.2s
[34m => [stage-1 2/3] RUN chmod -R 755 /usr/share/nginx/html                   1.0s
[0m[?25h[1A[1A[1A[1A[1A[1A[1A[1A[1A[0G[?25l[+] Building 3.7s (7/15)                                                        
[34m => => transferring context: 2B                                            0.0s
[0m[34m => [internal] load metadata for docker.io/library/nginx:alpine            2.3s
[0m[34m => [internal] load metadata for docker.io/library/node:20.14.0            2.2s
[0m[34m => CACHED [stage-1 1/3] FROM docker.io/library/nginx:alpine@sha256:74175  0.0s
[0m[34m => [build 1/7] FROM docker.io/library/node:20.14.0@sha256:02cd2205818f12  0.0s
[0m => [internal] load build context                                          1.4s
 => => transferring context: 745.15kB                                      1.4s
[34m => [stage-1 2/3] RUN chmod -R 755 /usr/share/nginx/html                   1.0s
[0m[?25h[1A[1A[1A[1A[1A[1A[1A[1A[1A[0G[?25l[+] Building 3.9s (7/15)                                                        
[34m => => transferring context: 2B                                            0.0s
[0m[34m => [internal] load metadata for docker.io/library/nginx:alpine            2.3s
[0m[34m => [internal] load metadata for docker.io/library/node:20.14.0            2.2s
[0m[34m => CACHED [stage-1 1/3] FROM docker.io/library/nginx:alpine@sha256:74175  0.0s
[0m[34m => [build 1/7] FROM docker.io/library/node:20.14.0@sha256:02cd2205818f12  0.0s
[0m => [internal] load build context                                          1.5s
 => => transferring context: 859.60kB                                      1.5s
[34m => [stage-1 2/3] RUN chmod -R 755 /usr/share/nginx/html                   1.0s
[0m[?25h[1A[1A[1A[1A[1A[1A[1A[1A[1A[0G[?25l[+] Building 4.0s (7/15)                                                        
[34m => => transferring context: 2B                                            0.0s
[0m[34m => [internal] load metadata for docker.io/library/nginx:alpine            2.3s
[0m[34m => [internal] load metadata for docker.io/library/node:20.14.0            2.2s
[0m[34m => CACHED [stage-1 1/3] FROM docker.io/library/nginx:alpine@sha256:74175  0.0s
[0m[34m => [build 1/7] FROM docker.io/library/node:20.14.0@sha256:02cd2205818f12  0.0s
[0m => [internal] load build context                                          1.6s
 => => transferring context: 927.95kB                                      1.6s
[34m => [stage-1 2/3] RUN chmod -R 755 /usr/share/nginx/html                   1.0s
[0m[?25h[1A[1A[1A[1A[1A[1A[1A[1A[1A[0G[?25l[+] Building 4.1s (7/15)                                                        
[34m => => transferring context: 2B                                            0.0s
[0m[34m => [internal] load metadata for docker.io/library/nginx:alpine            2.3s
[0m[34m => [internal] load metadata for docker.io/library/node:20.14.0            2.2s
[0m[34m => CACHED [stage-1 1/3] FROM docker.io/library/nginx:alpine@sha256:74175  0.0s
[0m[34m => [build 1/7] FROM docker.io/library/node:20.14.0@sha256:02cd2205818f12  0.0s
[0m => [internal] load build context                                          1.7s
 => => transferring context: 985.81kB                                      1.7s
[34m => [stage-1 2/3] RUN chmod -R 755 /usr/share/nginx/html                   1.0s
[0m[?25h[1A[1A[1A[1A[1A[1A[1A[1A[1A[0G[?25l[+] Building 4.2s (7/15)                                                        
[34m => => transferring context: 2B                                            0.0s
[0m[34m => [internal] load metadata for docker.io/library/nginx:alpine            2.3s
[0m[34m => [internal] load metadata for docker.io/library/node:20.14.0            2.2s
[0m[34m => CACHED [stage-1 1/3] FROM docker.io/library/nginx:alpine@sha256:74175  0.0s
[0m[34m => [build 1/7] FROM docker.io/library/node:20.14.0@sha256:02cd2205818f12  0.0s
[0m => [internal] load build context                                          1.9s
 => => transferring context: 1.05MB                                        1.9s
[34m => [stage-1 2/3] RUN chmod -R 755 /usr/share/nginx/html                   1.0s
[0m[?25h[1A[1A[1A[1A[1A[1A[1A[1A[1A[0G[?25l[+] Building 4.4s (7/15)                                                        
[34m => => transferring context: 2B                                            0.0s
[0m[34m => [internal] load metadata for docker.io/library/nginx:alpine            2.3s
[0m[34m => [internal] load metadata for docker.io/library/node:20.14.0            2.2s
[0m[34m => CACHED [stage-1 1/3] FROM docker.io/library/nginx:alpine@sha256:74175  0.0s
[0m[34m => [build 1/7] FROM docker.io/library/node:20.14.0@sha256:02cd2205818f12  0.0s
[0m => [internal] load build context                                          2.0s
 => => transferring context: 1.16MB                                        2.0s
[34m => [stage-1 2/3] RUN chmod -R 755 /usr/share/nginx/html                   1.0s
[0m[?25h[1A[1A[1A[1A[1A[1A[1A[1A[1A[0G[?25l[+] Building 4.5s (7/15)                                                        
[34m => => transferring context: 2B                                            0.0s
[0m[34m => [internal] load metadata for docker.io/library/nginx:alpine            2.3s
[0m[34m => [internal] load metadata for docker.io/library/node:20.14.0            2.2s
[0m[34m => CACHED [stage-1 1/3] FROM docker.io/library/nginx:alpine@sha256:74175  0.0s
[0m[34m => [build 1/7] FROM docker.io/library/node:20.14.0@sha256:02cd2205818f12  0.0s
[0m => [internal] load build context                                          2.1s
 => => transferring context: 1.22MB                                        2.1s
[34m => [stage-1 2/3] RUN chmod -R 755 /usr/share/nginx/html                   1.0s
[0m[?25h[1A[1A[1A[1A[1A[1A[1A[1A[1A[0G[?25l[+] Building 4.6s (7/15)                                                        
[34m => => transferring context: 2B                                            0.0s
[0m[34m => [internal] load metadata for docker.io/library/nginx:alpine            2.3s
[0m[34m => [internal] load metadata for docker.io/library/node:20.14.0            2.2s
[0m[34m => CACHED [stage-1 1/3] FROM docker.io/library/nginx:alpine@sha256:74175  0.0s
[0m[34m => [build 1/7] FROM docker.io/library/node:20.14.0@sha256:02cd2205818f12  0.0s
[0m => [internal] load build context                                          2.3s
 => => transferring context: 1.27MB                                        2.3s
[34m => [stage-1 2/3] RUN chmod -R 755 /usr/share/nginx/html                   1.0s
[0m[?25h[1A[1A[1A[1A[1A[1A[1A[1A[1A[0G[?25l[+] Building 4.8s (7/15)                                                        
[34m => => transferring context: 2B                                            0.0s
[0m[34m => [internal] load metadata for docker.io/library/nginx:alpine            2.3s
[0m[34m => [internal] load metadata for docker.io/library/node:20.14.0            2.2s
[0m[34m => CACHED [stage-1 1/3] FROM docker.io/library/nginx:alpine@sha256:74175  0.0s
[0m[34m => [build 1/7] FROM docker.io/library/node:20.14.0@sha256:02cd2205818f12  0.0s
[0m => [internal] load build context                                          2.4s
 => => transferring context: 1.39MB                                        2.4s
[34m => [stage-1 2/3] RUN chmod -R 755 /usr/share/nginx/html                   1.0s
[0m[?25h[1A[1A[1A[1A[1A[1A[1A[1A[1A[0G[?25l[+] Building 4.9s (7/15)                                                        
[34m => => transferring context: 2B                                            0.0s
[0m[34m => [internal] load metadata for docker.io/library/nginx:alpine            2.3s
[0m[34m => [internal] load metadata for docker.io/library/node:20.14.0            2.2s
[0m[34m => CACHED [stage-1 1/3] FROM docker.io/library/nginx:alpine@sha256:74175  0.0s
[0m[34m => [build 1/7] FROM docker.io/library/node:20.14.0@sha256:02cd2205818f12  0.0s
[0m => [internal] load build context                                          2.5s
 => => transferring context: 1.46MB                                        2.5s
[34m => [stage-1 2/3] RUN chmod -R 755 /usr/share/nginx/html                   1.0s
[0m[?25h[1A[1A[1A[1A[1A[1A[1A[1A[1A[0G[?25l[+] Building 5.0s (7/15)                                                        
[34m => => transferring context: 2B                                            0.0s
[0m[34m => [internal] load metadata for docker.io/library/nginx:alpine            2.3s
[0m[34m => [internal] load metadata for docker.io/library/node:20.14.0            2.2s
[0m[34m => CACHED [stage-1 1/3] FROM docker.io/library/nginx:alpine@sha256:74175  0.0s
[0m[34m => [build 1/7] FROM docker.io/library/node:20.14.0@sha256:02cd2205818f12  0.0s
[0m => [internal] load build context                                          2.6s
 => => transferring context: 1.53MB                                        2.6s
[34m => [stage-1 2/3] RUN chmod -R 755 /usr/share/nginx/html                   1.0s
[0m[?25h[1A[1A[1A[1A[1A[1A[1A[1A[1A[0G[?25l[+] Building 5.1s (7/15)                                                        
[34m => => transferring context: 2B                                            0.0s
[0m[34m => [internal] load metadata for docker.io/library/nginx:alpine            2.3s
[0m[34m => [internal] load metadata for docker.io/library/node:20.14.0            2.2s
[0m[34m => CACHED [stage-1 1/3] FROM docker.io/library/nginx:alpine@sha256:74175  0.0s
[0m[34m => [build 1/7] FROM docker.io/library/node:20.14.0@sha256:02cd2205818f12  0.0s
[0m => [internal] load build context                                          2.7s
 => => transferring context: 1.60MB                                        2.7s
[34m => [stage-1 2/3] RUN chmod -R 755 /usr/share/nginx/html                   1.0s
[0m[?25h[1A[1A[1A[1A[1A[1A[1A[1A[1A[0G[?25l[+] Building 5.2s (7/15)                                                        
[34m => => transferring context: 2B                                            0.0s
[0m[34m => [internal] load metadata for docker.io/library/nginx:alpine            2.3s
[0m[34m => [internal] load metadata for docker.io/library/node:20.14.0            2.2s
[0m[34m => CACHED [stage-1 1/3] FROM docker.io/library/nginx:alpine@sha256:74175  0.0s
[0m[34m => [build 1/7] FROM docker.io/library/node:20.14.0@sha256:02cd2205818f12  0.0s
[0m => [internal] load build context                                          2.9s
 => => transferring context: 1.69MB                                        2.9s
[34m => [stage-1 2/3] RUN chmod -R 755 /usr/share/nginx/html                   1.0s
[0m[?25h[1A[1A[1A[1A[1A[1A[1A[1A[1A[0G[?25l[+] Building 5.4s (7/15)                                                        
[34m => => transferring context: 2B                                            0.0s
[0m[34m => [internal] load metadata for docker.io/library/nginx:alpine            2.3s
[0m[34m => [internal] load metadata for docker.io/library/node:20.14.0            2.2s
[0m[34m => CACHED [stage-1 1/3] FROM docker.io/library/nginx:alpine@sha256:74175  0.0s
[0m[34m => [build 1/7] FROM docker.io/library/node:20.14.0@sha256:02cd2205818f12  0.0s
[0m => [internal] load build context                                          3.0s
 => => transferring context: 1.81MB                                        3.0s
[34m => [stage-1 2/3] RUN chmod -R 755 /usr/share/nginx/html                   1.0s
[0m[?25h[1A[1A[1A[1A[1A[1A[1A[1A[1A[0G[?25l[+] Building 5.5s (7/15)                                                        
[34m => => transferring context: 2B                                            0.0s
[0m[34m => [internal] load metadata for docker.io/library/nginx:alpine            2.3s
[0m[34m => [internal] load metadata for docker.io/library/node:20.14.0            2.2s
[0m[34m => CACHED [stage-1 1/3] FROM docker.io/library/nginx:alpine@sha256:74175  0.0s
[0m[34m => [build 1/7] FROM docker.io/library/node:20.14.0@sha256:02cd2205818f12  0.0s
[0m => [internal] load build context                                          3.1s
 => => transferring context: 1.86MB                                        3.1s
[34m => [stage-1 2/3] RUN chmod -R 755 /usr/share/nginx/html                   1.0s
[0m[?25h[1A[1A[1A[1A[1A[1A[1A[1A[1A[0G[?25l[+] Building 5.6s (7/15)                                                        
[34m => => transferring context: 2B                                            0.0s
[0m[34m => [internal] load metadata for docker.io/library/nginx:alpine            2.3s
[0m[34m => [internal] load metadata for docker.io/library/node:20.14.0            2.2s
[0m[34m => CACHED [stage-1 1/3] FROM docker.io/library/nginx:alpine@sha256:74175  0.0s
[0m[34m => [build 1/7] FROM docker.io/library/node:20.14.0@sha256:02cd2205818f12  0.0s
[0m => [internal] load build context                                          3.2s
 => => transferring context: 1.90MB                                        3.2s
[34m => [stage-1 2/3] RUN chmod -R 755 /usr/share/nginx/html                   1.0s
[0m[?25h[1A[1A[1A[1A[1A[1A[1A[1A[1A[0G[?25l[+] Building 5.7s (8/15)                                                        
[34m => => transferring context: 2B                                            0.0s
[0m[34m => [internal] load metadata for docker.io/library/nginx:alpine            2.3s
[0m[34m => [internal] load metadata for docker.io/library/node:20.14.0            2.2s
[0m[34m => CACHED [stage-1 1/3] FROM docker.io/library/nginx:alpine@sha256:74175  0.0s
[0m[34m => [build 1/7] FROM docker.io/library/node:20.14.0@sha256:02cd2205818f12  0.0s
[0m[34m => [internal] load build context                                          3.3s
[0m[34m => => transferring context: 1.94MB                                        3.3s
[0m[34m => [stage-1 2/3] RUN chmod -R 755 /usr/share/nginx/html                   1.0s
[0m[?25h[1A[1A[1A[1A[1A[1A[1A[1A[1A[0G[?25l[+] Building 5.9s (11/15)                                                       
[34m => [build 1/7] FROM docker.io/library/node:20.14.0@sha256:02cd2205818f12  0.0s
[0m[34m => [internal] load build context                                          3.3s
[0m[34m => => transferring context: 1.94MB                                        3.3s
[0m[34m => [stage-1 2/3] RUN chmod -R 755 /usr/share/nginx/html                   1.0s
[0m[34m => CACHED [build 2/7] WORKDIR /app                                        0.0s
[0m[34m => CACHED [build 3/7] COPY package*.json ./                               0.0s
[0m[34m => CACHED [build 4/7] RUN npm install                                     0.0s
[0m => [build 5/7] COPY . .                                                   0.1s
[?25h[1A[1A[1A[1A[1A[1A[1A[1A[1A[0G[?25l[+] Building 6.0s (11/15)                                                       
[34m => [build 1/7] FROM docker.io/library/node:20.14.0@sha256:02cd2205818f12  0.0s
[0m[34m => [internal] load build context                                          3.3s
[0m[34m => => transferring context: 1.94MB                                        3.3s
[0m[34m => [stage-1 2/3] RUN chmod -R 755 /usr/share/nginx/html                   1.0s
[0m[34m => CACHED [build 2/7] WORKDIR /app                                        0.0s
[0m[34m => CACHED [build 3/7] COPY package*.json ./                               0.0s
[0m[34m => CACHED [build 4/7] RUN npm install                                     0.0s
[0m => [build 5/7] COPY . .                                                   0.3s
[?25h[1A[1A[1A[1A[1A[1A[1A[1A[1A[0G[?25l[+] Building 6.2s (11/15)                                                       
[34m => [build 1/7] FROM docker.io/library/node:20.14.0@sha256:02cd2205818f12  0.0s
[0m[34m => [internal] load build context                                          3.3s
[0m[34m => => transferring context: 1.94MB                                        3.3s
[0m[34m => [stage-1 2/3] RUN chmod -R 755 /usr/share/nginx/html                   1.0s
[0m[34m => CACHED [build 2/7] WORKDIR /app                                        0.0s
[0m[34m => CACHED [build 3/7] COPY package*.json ./                               0.0s
[0m[34m => CACHED [build 4/7] RUN npm install                                     0.0s
[0m => [build 5/7] COPY . .                                                   0.4s
[?25h[1A[1A[1A[1A[1A[1A[1A[1A[1A[0G[?25l[+] Building 6.3s (11/15)                                                       
[34m => [build 1/7] FROM docker.io/library/node:20.14.0@sha256:02cd2205818f12  0.0s
[0m[34m => [internal] load build context                                          3.3s
[0m[34m => => transferring context: 1.94MB                                        3.3s
[0m[34m => [stage-1 2/3] RUN chmod -R 755 /usr/share/nginx/html                   1.0s
[0m[34m => CACHED [build 2/7] WORKDIR /app                                        0.0s
[0m[34m => CACHED [build 3/7] COPY package*.json ./                               0.0s
[0m[34m => CACHED [build 4/7] RUN npm install                                     0.0s
[0m => [build 5/7] COPY . .                                                   0.6s
[?25h[1A[1A[1A[1A[1A[1A[1A[1A[1A[0G[?25l[+] Building 6.5s (11/15)                                                       
[34m => [build 1/7] FROM docker.io/library/node:20.14.0@sha256:02cd2205818f12  0.0s
[0m[34m => [internal] load build context                                          3.3s
[0m[34m => => transferring context: 1.94MB                                        3.3s
[0m[34m => [stage-1 2/3] RUN chmod -R 755 /usr/share/nginx/html                   1.0s
[0m[34m => CACHED [build 2/7] WORKDIR /app                                        0.0s
[0m[34m => CACHED [build 3/7] COPY package*.json ./                               0.0s
[0m[34m => CACHED [build 4/7] RUN npm install                                     0.0s
[0m => [build 5/7] COPY . .                                                   0.8s
[?25h[1A[1A[1A[1A[1A[1A[1A[1A[1A[0G[?25l[+] Building 6.6s (11/15)                                                       
[34m => [build 1/7] FROM docker.io/library/node:20.14.0@sha256:02cd2205818f12  0.0s
[0m[34m => [internal] load build context                                          3.3s
[0m[34m => => transferring context: 1.94MB                                        3.3s
[0m[34m => [stage-1 2/3] RUN chmod -R 755 /usr/share/nginx/html                   1.0s
[0m[34m => CACHED [build 2/7] WORKDIR /app                                        0.0s
[0m[34m => CACHED [build 3/7] COPY package*.json ./                               0.0s
[0m[34m => CACHED [build 4/7] RUN npm install                                     0.0s
[0m => [build 5/7] COPY . .                                                   0.9s
[?25h[1A[1A[1A[1A[1A[1A[1A[1A[1A[0G[?25l[+] Building 6.8s (11/15)                                                       
[34m => [build 1/7] FROM docker.io/library/node:20.14.0@sha256:02cd2205818f12  0.0s
[0m[34m => [internal] load build context                                          3.3s
[0m[34m => => transferring context: 1.94MB                                        3.3s
[0m[34m => [stage-1 2/3] RUN chmod -R 755 /usr/share/nginx/html                   1.0s
[0m[34m => CACHED [build 2/7] WORKDIR /app                                        0.0s
[0m[34m => CACHED [build 3/7] COPY package*.json ./                               0.0s
[0m[34m => CACHED [build 4/7] RUN npm install                                     0.0s
[0m => [build 5/7] COPY . .                                                   1.1s
[?25h[1A[1A[1A[1A[1A[1A[1A[1A[1A[0G[?25l[+] Building 7.0s (11/15)                                                       
[34m => [build 1/7] FROM docker.io/library/node:20.14.0@sha256:02cd2205818f12  0.0s
[0m[34m => [internal] load build context                                          3.3s
[0m[34m => => transferring context: 1.94MB                                        3.3s
[0m[34m => [stage-1 2/3] RUN chmod -R 755 /usr/share/nginx/html                   1.0s
[0m[34m => CACHED [build 2/7] WORKDIR /app                                        0.0s
[0m[34m => CACHED [build 3/7] COPY package*.json ./                               0.0s
[0m[34m => CACHED [build 4/7] RUN npm install                                     0.0s
[0m => [build 5/7] COPY . .                                                   1.2s
[?25h[1A[1A[1A[1A[1A[1A[1A[1A[1A[0G[?25l[+] Building 7.1s (11/15)                                                       
[34m => [build 1/7] FROM docker.io/library/node:20.14.0@sha256:02cd2205818f12  0.0s
[0m[34m => [internal] load build context                                          3.3s
[0m[34m => => transferring context: 1.94MB                                        3.3s
[0m[34m => [stage-1 2/3] RUN chmod -R 755 /usr/share/nginx/html                   1.0s
[0m[34m => CACHED [build 2/7] WORKDIR /app                                        0.0s
[0m[34m => CACHED [build 3/7] COPY package*.json ./                               0.0s
[0m[34m => CACHED [build 4/7] RUN npm install                                     0.0s
[0m => [build 5/7] COPY . .                                                   1.4s
[?25h[1A[1A[1A[1A[1A[1A[1A[1A[1A[0G[?25l[+] Building 7.3s (11/15)                                                       
[34m => [build 1/7] FROM docker.io/library/node:20.14.0@sha256:02cd2205818f12  0.0s
[0m[34m => [internal] load build context                                          3.3s
[0m[34m => => transferring context: 1.94MB                                        3.3s
[0m[34m => [stage-1 2/3] RUN chmod -R 755 /usr/share/nginx/html                   1.0s
[0m[34m => CACHED [build 2/7] WORKDIR /app                                        0.0s
[0m[34m => CACHED [build 3/7] COPY package*.json ./                               0.0s
[0m[34m => CACHED [build 4/7] RUN npm install                                     0.0s
[0m => [build 5/7] COPY . .                                                   1.5s
[?25h[1A[1A[1A[1A[1A[1A[1A[1A[1A[0G[?25l[+] Building 7.4s (11/15)                                                       
[34m => [build 1/7] FROM docker.io/library/node:20.14.0@sha256:02cd2205818f12  0.0s
[0m[34m => [internal] load build context                                          3.3s
[0m[34m => => transferring context: 1.94MB                                        3.3s
[0m[34m => [stage-1 2/3] RUN chmod -R 755 /usr/share/nginx/html                   1.0s
[0m[34m => CACHED [build 2/7] WORKDIR /app                                        0.0s
[0m[34m => CACHED [build 3/7] COPY package*.json ./                               0.0s
[0m[34m => CACHED [build 4/7] RUN npm install                                     0.0s
[0m => [build 5/7] COPY . .                                                   1.7s
[?25h[1A[1A[1A[1A[1A[1A[1A[1A[1A[0G[?25l[+] Building 7.6s (11/15)                                                       
[34m => [build 1/7] FROM docker.io/library/node:20.14.0@sha256:02cd2205818f12  0.0s
[0m[34m => [internal] load build context                                          3.3s
[0m[34m => => transferring context: 1.94MB                                        3.3s
[0m[34m => [stage-1 2/3] RUN chmod -R 755 /usr/share/nginx/html                   1.0s
[0m[34m => CACHED [build 2/7] WORKDIR /app                                        0.0s
[0m[34m => CACHED [build 3/7] COPY package*.json ./                               0.0s
[0m[34m => CACHED [build 4/7] RUN npm install                                     0.0s
[0m => [build 5/7] COPY . .                                                   1.8s
[?25h[1A[1A[1A[1A[1A[1A[1A[1A[1A[0G[?25l[+] Building 7.7s (11/15)                                                       
[34m => [build 1/7] FROM docker.io/library/node:20.14.0@sha256:02cd2205818f12  0.0s
[0m[34m => [internal] load build context                                          3.3s
[0m[34m => => transferring context: 1.94MB                                        3.3s
[0m[34m => [stage-1 2/3] RUN chmod -R 755 /usr/share/nginx/html                   1.0s
[0m[34m => CACHED [build 2/7] WORKDIR /app                                        0.0s
[0m[34m => CACHED [build 3/7] COPY package*.json ./                               0.0s
[0m[34m => CACHED [build 4/7] RUN npm install                                     0.0s
[0m => [build 5/7] COPY . .                                                   2.0s
[?25h[1A[1A[1A[1A[1A[1A[1A[1A[1A[0G[?25l[+] Building 7.9s (11/15)                                                       
[34m => [build 1/7] FROM docker.io/library/node:20.14.0@sha256:02cd2205818f12  0.0s
[0m[34m => [internal] load build context                                          3.3s
[0m[34m => => transferring context: 1.94MB                                        3.3s
[0m[34m => [stage-1 2/3] RUN chmod -R 755 /usr/share/nginx/html                   1.0s
[0m[34m => CACHED [build 2/7] WORKDIR /app                                        0.0s
[0m[34m => CACHED [build 3/7] COPY package*.json ./                               0.0s
[0m[34m => CACHED [build 4/7] RUN npm install                                     0.0s
[0m => [build 5/7] COPY . .                                                   2.1s
[?25h[1A[1A[1A[1A[1A[1A[1A[1A[1A[0G[?25l[+] Building 8.0s (11/15)                                                       
[34m => [build 1/7] FROM docker.io/library/node:20.14.0@sha256:02cd2205818f12  0.0s
[0m[34m => [internal] load build context                                          3.3s
[0m[34m => => transferring context: 1.94MB                                        3.3s
[0m[34m => [stage-1 2/3] RUN chmod -R 755 /usr/share/nginx/html                   1.0s
[0m[34m => CACHED [build 2/7] WORKDIR /app                                        0.0s
[0m[34m => CACHED [build 3/7] COPY package*.json ./                               0.0s
[0m[34m => CACHED [build 4/7] RUN npm install                                     0.0s
[0m => [build 5/7] COPY . .                                                   2.3s
[?25h[1A[1A[1A[1A[1A[1A[1A[1A[1A[0G[?25l[+] Building 8.2s (11/15)                                                       
[34m => [build 1/7] FROM docker.io/library/node:20.14.0@sha256:02cd2205818f12  0.0s
[0m[34m => [internal] load build context                                          3.3s
[0m[34m => => transferring context: 1.94MB                                        3.3s
[0m[34m => [stage-1 2/3] RUN chmod -R 755 /usr/share/nginx/html                   1.0s
[0m[34m => CACHED [build 2/7] WORKDIR /app                                        0.0s
[0m[34m => CACHED [build 3/7] COPY package*.json ./                               0.0s
[0m[34m => CACHED [build 4/7] RUN npm install                                     0.0s
[0m => [build 5/7] COPY . .                                                   2.5s
[?25h[1A[1A[1A[1A[1A[1A[1A[1A[1A[0G[?25l[+] Building 8.4s (11/15)                                                       
[34m => [build 1/7] FROM docker.io/library/node:20.14.0@sha256:02cd2205818f12  0.0s
[0m[34m => [internal] load build context                                          3.3s
[0m[34m => => transferring context: 1.94MB                                        3.3s
[0m[34m => [stage-1 2/3] RUN chmod -R 755 /usr/share/nginx/html                   1.0s
[0m[34m => CACHED [build 2/7] WORKDIR /app                                        0.0s
[0m[34m => CACHED [build 3/7] COPY package*.json ./                               0.0s
[0m[34m => CACHED [build 4/7] RUN npm install                                     0.0s
[0m => [build 5/7] COPY . .                                                   2.6s
[?25h[1A[1A[1A[1A[1A[1A[1A[1A[1A[0G[?25l[+] Building 8.5s (11/15)                                                       
[34m => [build 1/7] FROM docker.io/library/node:20.14.0@sha256:02cd2205818f12  0.0s
[0m[34m => [internal] load build context                                          3.3s
[0m[34m => => transferring context: 1.94MB                                        3.3s
[0m[34m => [stage-1 2/3] RUN chmod -R 755 /usr/share/nginx/html                   1.0s
[0m[34m => CACHED [build 2/7] WORKDIR /app                                        0.0s
[0m[34m => CACHED [build 3/7] COPY package*.json ./                               0.0s
[0m[34m => CACHED [build 4/7] RUN npm install                                     0.0s
[0m => [build 5/7] COPY . .                                                   2.8s
[?25h[1A[1A[1A[1A[1A[1A[1A[1A[1A[0G[?25l[+] Building 8.7s (11/15)                                                       
[34m => [build 1/7] FROM docker.io/library/node:20.14.0@sha256:02cd2205818f12  0.0s
[0m[34m => [internal] load build context                                          3.3s
[0m[34m => => transferring context: 1.94MB                                        3.3s
[0m[34m => [stage-1 2/3] RUN chmod -R 755 /usr/share/nginx/html                   1.0s
[0m[34m => CACHED [build 2/7] WORKDIR /app                                        0.0s
[0m[34m => CACHED [build 3/7] COPY package*.json ./                               0.0s
[0m[34m => CACHED [build 4/7] RUN npm install                                     0.0s
[0m => [build 5/7] COPY . .                                                   2.9s
[?25h[1A[1A[1A[1A[1A[1A[1A[1A[1A[0G[?25l[+] Building 8.8s (11/15)                                                       
[34m => [build 1/7] FROM docker.io/library/node:20.14.0@sha256:02cd2205818f12  0.0s
[0m[34m => [internal] load build context                                          3.3s
[0m[34m => => transferring context: 1.94MB                                        3.3s
[0m[34m => [stage-1 2/3] RUN chmod -R 755 /usr/share/nginx/html                   1.0s
[0m[34m => CACHED [build 2/7] WORKDIR /app                                        0.0s
[0m[34m => CACHED [build 3/7] COPY package*.json ./                               0.0s
[0m[34m => CACHED [build 4/7] RUN npm install                                     0.0s
[0m => [build 5/7] COPY . .                                                   3.1s
[?25h[1A[1A[1A[1A[1A[1A[1A[1A[1A[0G[?25l[+] Building 9.0s (11/15)                                                       
[34m => [build 1/7] FROM docker.io/library/node:20.14.0@sha256:02cd2205818f12  0.0s
[0m[34m => [internal] load build context                                          3.3s
[0m[34m => => transferring context: 1.94MB                                        3.3s
[0m[34m => [stage-1 2/3] RUN chmod -R 755 /usr/share/nginx/html                   1.0s
[0m[34m => CACHED [build 2/7] WORKDIR /app                                        0.0s
[0m[34m => CACHED [build 3/7] COPY package*.json ./                               0.0s
[0m[34m => CACHED [build 4/7] RUN npm install                                     0.0s
[0m => [build 5/7] COPY . .                                                   3.2s
[?25h[1A[1A[1A[1A[1A[1A[1A[1A[1A[0G[?25l[+] Building 9.1s (11/15)                                                       
[34m => [build 1/7] FROM docker.io/library/node:20.14.0@sha256:02cd2205818f12  0.0s
[0m[34m => [internal] load build context                                          3.3s
[0m[34m => => transferring context: 1.94MB                                        3.3s
[0m[34m => [stage-1 2/3] RUN chmod -R 755 /usr/share/nginx/html                   1.0s
[0m[34m => CACHED [build 2/7] WORKDIR /app                                        0.0s
[0m[34m => CACHED [build 3/7] COPY package*.json ./                               0.0s
[0m[34m => CACHED [build 4/7] RUN npm install                                     0.0s
[0m => [build 5/7] COPY . .                                                   3.4s
[?25h[1A[1A[1A[1A[1A[1A[1A[1A[1A[0G[?25l[+] Building 9.3s (11/15)                                                       
[34m => [build 1/7] FROM docker.io/library/node:20.14.0@sha256:02cd2205818f12  0.0s
[0m[34m => [internal] load build context                                          3.3s
[0m[34m => => transferring context: 1.94MB                                        3.3s
[0m[34m => [stage-1 2/3] RUN chmod -R 755 /usr/share/nginx/html                   1.0s
[0m[34m => CACHED [build 2/7] WORKDIR /app                                        0.0s
[0m[34m => CACHED [build 3/7] COPY package*.json ./                               0.0s
[0m[34m => CACHED [build 4/7] RUN npm install                                     0.0s
[0m => [build 5/7] COPY . .                                                   3.5s
[?25h[1A[1A[1A[1A[1A[1A[1A[1A[1A[0G[?25l[+] Building 9.4s (11/15)                                                       
[34m => [build 1/7] FROM docker.io/library/node:20.14.0@sha256:02cd2205818f12  0.0s
[0m[34m => [internal] load build context                                          3.3s
[0m[34m => => transferring context: 1.94MB                                        3.3s
[0m[34m => [stage-1 2/3] RUN chmod -R 755 /usr/share/nginx/html                   1.0s
[0m[34m => CACHED [build 2/7] WORKDIR /app                                        0.0s
[0m[34m => CACHED [build 3/7] COPY package*.json ./                               0.0s
[0m[34m => CACHED [build 4/7] RUN npm install                                     0.0s
[0m => [build 5/7] COPY . .                                                   3.7s
[?25h[1A[1A[1A[1A[1A[1A[1A[1A[1A[0G[?25l[+] Building 9.6s (11/15)                                                       
[34m => [build 1/7] FROM docker.io/library/node:20.14.0@sha256:02cd2205818f12  0.0s
[0m[34m => [internal] load build context                                          3.3s
[0m[34m => => transferring context: 1.94MB                                        3.3s
[0m[34m => [stage-1 2/3] RUN chmod -R 755 /usr/share/nginx/html                   1.0s
[0m[34m => CACHED [build 2/7] WORKDIR /app                                        0.0s
[0m[34m => CACHED [build 3/7] COPY package*.json ./                               0.0s
[0m[34m => CACHED [build 4/7] RUN npm install                                     0.0s
[0m => [build 5/7] COPY . .                                                   3.9s
[?25h[1A[1A[1A[1A[1A[1A[1A[1A[1A[0G[?25l[+] Building 9.8s (11/15)                                                       
[34m => [build 1/7] FROM docker.io/library/node:20.14.0@sha256:02cd2205818f12  0.0s
[0m[34m => [internal] load build context                                          3.3s
[0m[34m => => transferring context: 1.94MB                                        3.3s
[0m[34m => [stage-1 2/3] RUN chmod -R 755 /usr/share/nginx/html                   1.0s
[0m[34m => CACHED [build 2/7] WORKDIR /app                                        0.0s
[0m[34m => CACHED [build 3/7] COPY package*.json ./                               0.0s
[0m[34m => CACHED [build 4/7] RUN npm install                                     0.0s
[0m => [build 5/7] COPY . .                                                   4.0s
[?25h[1A[1A[1A[1A[1A[1A[1A[1A[1A[0G[?25l[+] Building 9.9s (11/15)                                                       
[34m => [build 1/7] FROM docker.io/library/node:20.14.0@sha256:02cd2205818f12  0.0s
[0m[34m => [internal] load build context                                          3.3s
[0m[34m => => transferring context: 1.94MB                                        3.3s
[0m[34m => [stage-1 2/3] RUN chmod -R 755 /usr/share/nginx/html                   1.0s
[0m[34m => CACHED [build 2/7] WORKDIR /app                                        0.0s
[0m[34m => CACHED [build 3/7] COPY package*.json ./                               0.0s
[0m[34m => CACHED [build 4/7] RUN npm install                                     0.0s
[0m => [build 5/7] COPY . .                                                   4.2s
[?25h[1A[1A[1A[1A[1A[1A[1A[1A[1A[0G[?25l[+] Building 10.1s (11/15)                                                      
[34m => [build 1/7] FROM docker.io/library/node:20.14.0@sha256:02cd2205818f12  0.0s
[0m[34m => [internal] load build context                                          3.3s
[0m[34m => => transferring context: 1.94MB                                        3.3s
[0m[34m => [stage-1 2/3] RUN chmod -R 755 /usr/share/nginx/html                   1.0s
[0m[34m => CACHED [build 2/7] WORKDIR /app                                        0.0s
[0m[34m => CACHED [build 3/7] COPY package*.json ./                               0.0s
[0m[34m => CACHED [build 4/7] RUN npm install                                     0.0s
[0m => [build 5/7] COPY . .                                                   4.3s
[?25h[1A[1A[1A[1A[1A[1A[1A[1A[1A[0G[?25l[+] Building 10.2s (11/15)                                                      
[34m => [build 1/7] FROM docker.io/library/node:20.14.0@sha256:02cd2205818f12  0.0s
[0m[34m => [internal] load build context                                          3.3s
[0m[34m => => transferring context: 1.94MB                                        3.3s
[0m[34m => [stage-1 2/3] RUN chmod -R 755 /usr/share/nginx/html                   1.0s
[0m[34m => CACHED [build 2/7] WORKDIR /app                                        0.0s
[0m[34m => CACHED [build 3/7] COPY package*.json ./                               0.0s
[0m[34m => CACHED [build 4/7] RUN npm install                                     0.0s
[0m => [build 5/7] COPY . .                                                   4.5s
[?25h[1A[1A[1A[1A[1A[1A[1A[1A[1A[0G[?25l[+] Building 10.4s (11/15)                                                      
[34m => [build 1/7] FROM docker.io/library/node:20.14.0@sha256:02cd2205818f12  0.0s
[0m[34m => [internal] load build context                                          3.3s
[0m[34m => => transferring context: 1.94MB                                        3.3s
[0m[34m => [stage-1 2/3] RUN chmod -R 755 /usr/share/nginx/html                   1.0s
[0m[34m => CACHED [build 2/7] WORKDIR /app                                        0.0s
[0m[34m => CACHED [build 3/7] COPY package*.json ./                               0.0s
[0m[34m => CACHED [build 4/7] RUN npm install                                     0.0s
[0m => [build 5/7] COPY . .                                                   4.6s
[?25h[1A[1A[1A[1A[1A[1A[1A[1A[1A[0G[?25l[+] Building 10.5s (11/15)                                                      
[34m => [build 1/7] FROM docker.io/library/node:20.14.0@sha256:02cd2205818f12  0.0s
[0m[34m => [internal] load build context                                          3.3s
[0m[34m => => transferring context: 1.94MB                                        3.3s
[0m[34m => [stage-1 2/3] RUN chmod -R 755 /usr/share/nginx/html                   1.0s
[0m[34m => CACHED [build 2/7] WORKDIR /app                                        0.0s
[0m[34m => CACHED [build 3/7] COPY package*.json ./                               0.0s
[0m[34m => CACHED [build 4/7] RUN npm install                                     0.0s
[0m => [build 5/7] COPY . .                                                   4.8s
[?25h[1A[1A[1A[1A[1A[1A[1A[1A[1A[0G[?25l[+] Building 10.7s (11/15)                                                      
[34m => [build 1/7] FROM docker.io/library/node:20.14.0@sha256:02cd2205818f12  0.0s
[0m[34m => [internal] load build context                                          3.3s
[0m[34m => => transferring context: 1.94MB                                        3.3s
[0m[34m => [stage-1 2/3] RUN chmod -R 755 /usr/share/nginx/html                   1.0s
[0m[34m => CACHED [build 2/7] WORKDIR /app                                        0.0s
[0m[34m => CACHED [build 3/7] COPY package*.json ./                               0.0s
[0m[34m => CACHED [build 4/7] RUN npm install                                     0.0s
[0m => [build 5/7] COPY . .                                                   4.9s
[?25h[1A[1A[1A[1A[1A[1A[1A[1A[1A[0G[?25l[+] Building 10.8s (11/15)                                                      
[34m => [build 1/7] FROM docker.io/library/node:20.14.0@sha256:02cd2205818f12  0.0s
[0m[34m => [internal] load build context                                          3.3s
[0m[34m => => transferring context: 1.94MB                                        3.3s
[0m[34m => [stage-1 2/3] RUN chmod -R 755 /usr/share/nginx/html                   1.0s
[0m[34m => CACHED [build 2/7] WORKDIR /app                                        0.0s
[0m[34m => CACHED [build 3/7] COPY package*.json ./                               0.0s
[0m[34m => CACHED [build 4/7] RUN npm install                                     0.0s
[0m => [build 5/7] COPY . .                                                   5.1s
[?25h[1A[1A[1A[1A[1A[1A[1A[1A[1A[0G[?25l[+] Building 11.0s (11/15)                                                      
[34m => [build 1/7] FROM docker.io/library/node:20.14.0@sha256:02cd2205818f12  0.0s
[0m[34m => [internal] load build context                                          3.3s
[0m[34m => => transferring context: 1.94MB                                        3.3s
[0m[34m => [stage-1 2/3] RUN chmod -R 755 /usr/share/nginx/html                   1.0s
[0m[34m => CACHED [build 2/7] WORKDIR /app                                        0.0s
[0m[34m => CACHED [build 3/7] COPY package*.json ./                               0.0s
[0m[34m => CACHED [build 4/7] RUN npm install                                     0.0s
[0m => [build 5/7] COPY . .                                                   5.3s
[?25h[1A[1A[1A[1A[1A[1A[1A[1A[1A[0G[?25l[+] Building 11.1s (11/15)                                                      
[34m => [build 1/7] FROM docker.io/library/node:20.14.0@sha256:02cd2205818f12  0.0s
[0m[34m => [internal] load build context                                          3.3s
[0m[34m => => transferring context: 1.94MB                                        3.3s
[0m[34m => [stage-1 2/3] RUN chmod -R 755 /usr/share/nginx/html                   1.0s
[0m[34m => CACHED [build 2/7] WORKDIR /app                                        0.0s
[0m[34m => CACHED [build 3/7] COPY package*.json ./                               0.0s
[0m[34m => CACHED [build 4/7] RUN npm install                                     0.0s
[0m => [build 5/7] COPY . .                                                   5.4s
[?25h[1A[1A[1A[1A[1A[1A[1A[1A[1A[0G[?25l[+] Building 11.3s (11/15)                                                      
[34m => [build 1/7] FROM docker.io/library/node:20.14.0@sha256:02cd2205818f12  0.0s
[0m[34m => [internal] load build context                                          3.3s
[0m[34m => => transferring context: 1.94MB                                        3.3s
[0m[34m => [stage-1 2/3] RUN chmod -R 755 /usr/share/nginx/html                   1.0s
[0m[34m => CACHED [build 2/7] WORKDIR /app                                        0.0s
[0m[34m => CACHED [build 3/7] COPY package*.json ./                               0.0s
[0m[34m => CACHED [build 4/7] RUN npm install                                     0.0s
[0m => [build 5/7] COPY . .                                                   5.6s
[?25h[1A[1A[1A[1A[1A[1A[1A[1A[1A[0G[?25l[+] Building 11.5s (11/15)                                                      
[34m => [build 1/7] FROM docker.io/library/node:20.14.0@sha256:02cd2205818f12  0.0s
[0m[34m => [internal] load build context                                          3.3s
[0m[34m => => transferring context: 1.94MB                                        3.3s
[0m[34m => [stage-1 2/3] RUN chmod -R 755 /usr/share/nginx/html                   1.0s
[0m[34m => CACHED [build 2/7] WORKDIR /app                                        0.0s
[0m[34m => CACHED [build 3/7] COPY package*.json ./                               0.0s
[0m[34m => CACHED [build 4/7] RUN npm install                                     0.0s
[0m => [build 5/7] COPY . .                                                   5.7s
[?25h[1A[1A[1A[1A[1A[1A[1A[1A[1A[0G[?25l[+] Building 11.6s (11/15)                                                      
[34m => [build 1/7] FROM docker.io/library/node:20.14.0@sha256:02cd2205818f12  0.0s
[0m[34m => [internal] load build context                                          3.3s
[0m[34m => => transferring context: 1.94MB                                        3.3s
[0m[34m => [stage-1 2/3] RUN chmod -R 755 /usr/share/nginx/html                   1.0s
[0m[34m => CACHED [build 2/7] WORKDIR /app                                        0.0s
[0m[34m => CACHED [build 3/7] COPY package*.json ./                               0.0s
[0m[34m => CACHED [build 4/7] RUN npm install                                     0.0s
[0m => [build 5/7] COPY . .                                                   5.9s
[?25h[1A[1A[1A[1A[1A[1A[1A[1A[1A[0G[?25l[+] Building 11.8s (11/15)                                                      
[34m => [build 1/7] FROM docker.io/library/node:20.14.0@sha256:02cd2205818f12  0.0s
[0m[34m => [internal] load build context                                          3.3s
[0m[34m => => transferring context: 1.94MB                                        3.3s
[0m[34m => [stage-1 2/3] RUN chmod -R 755 /usr/share/nginx/html                   1.0s
[0m[34m => CACHED [build 2/7] WORKDIR /app                                        0.0s
[0m[34m => CACHED [build 3/7] COPY package*.json ./                               0.0s
[0m[34m => CACHED [build 4/7] RUN npm install                                     0.0s
[0m => [build 5/7] COPY . .                                                   6.0s
[?25h[1A[1A[1A[1A[1A[1A[1A[1A[1A[0G[?25l[+] Building 11.9s (11/15)                                                      
[34m => [build 1/7] FROM docker.io/library/node:20.14.0@sha256:02cd2205818f12  0.0s
[0m[34m => [internal] load build context                                          3.3s
[0m[34m => => transferring context: 1.94MB                                        3.3s
[0m[34m => [stage-1 2/3] RUN chmod -R 755 /usr/share/nginx/html                   1.0s
[0m[34m => CACHED [build 2/7] WORKDIR /app                                        0.0s
[0m[34m => CACHED [build 3/7] COPY package*.json ./                               0.0s
[0m[34m => CACHED [build 4/7] RUN npm install                                     0.0s
[0m => [build 5/7] COPY . .                                                   6.2s
[?25h[1A[1A[1A[1A[1A[1A[1A[1A[1A[0G[?25l[+] Building 12.1s (11/15)                                                      
[34m => [build 1/7] FROM docker.io/library/node:20.14.0@sha256:02cd2205818f12  0.0s
[0m[34m => [internal] load build context                                          3.3s
[0m[34m => => transferring context: 1.94MB                                        3.3s
[0m[34m => [stage-1 2/3] RUN chmod -R 755 /usr/share/nginx/html                   1.0s
[0m[34m => CACHED [build 2/7] WORKDIR /app                                        0.0s
[0m[34m => CACHED [build 3/7] COPY package*.json ./                               0.0s
[0m[34m => CACHED [build 4/7] RUN npm install                                     0.0s
[0m => [build 5/7] COPY . .                                                   6.3s
[?25h[1A[1A[1A[1A[1A[1A[1A[1A[1A[0G[?25l[+] Building 12.2s (12/15)                                                      
[34m => [internal] load build context                                          3.3s
[0m[34m => => transferring context: 1.94MB                                        3.3s
[0m[34m => [stage-1 2/3] RUN chmod -R 755 /usr/share/nginx/html                   1.0s
[0m[34m => CACHED [build 2/7] WORKDIR /app                                        0.0s
[0m[34m => CACHED [build 3/7] COPY package*.json ./                               0.0s
[0m[34m => CACHED [build 4/7] RUN npm install                                     0.0s
[0m[34m => [build 5/7] COPY . .                                                   6.4s
[0m => [build 6/7] RUN npm run build -- --configuration production            0.1s
[?25h[1A[1A[1A[1A[1A[1A[1A[1A[1A[0G[?25l[+] Building 12.4s (12/15)                                                      
[34m => [internal] load build context                                          3.3s
[0m[34m => => transferring context: 1.94MB                                        3.3s
[0m[34m => [stage-1 2/3] RUN chmod -R 755 /usr/share/nginx/html                   1.0s
[0m[34m => CACHED [build 2/7] WORKDIR /app                                        0.0s
[0m[34m => CACHED [build 3/7] COPY package*.json ./                               0.0s
[0m[34m => CACHED [build 4/7] RUN npm install                                     0.0s
[0m[34m => [build 5/7] COPY . .                                                   6.4s
[0m => [build 6/7] RUN npm run build -- --configuration production            0.2s
[?25h[1A[1A[1A[1A[1A[1A[1A[1A[1A[0G[?25l[+] Building 12.5s (12/15)                                                      
[34m => [internal] load build context                                          3.3s
[0m[34m => => transferring context: 1.94MB                                        3.3s
[0m[34m => [stage-1 2/3] RUN chmod -R 755 /usr/share/nginx/html                   1.0s
[0m[34m => CACHED [build 2/7] WORKDIR /app                                        0.0s
[0m[34m => CACHED [build 3/7] COPY package*.json ./                               0.0s
[0m[34m => CACHED [build 4/7] RUN npm install                                     0.0s
[0m[34m => [build 5/7] COPY . .                                                   6.4s
[0m => [build 6/7] RUN npm run build -- --configuration production            0.4s
[?25h[1A[1A[1A[1A[1A[1A[1A[1A[1A[0G[?25l[+] Building 12.7s (12/15)                                                      
[34m => [internal] load build context                                          3.3s
[0m[34m => => transferring context: 1.94MB                                        3.3s
[0m[34m => [stage-1 2/3] RUN chmod -R 755 /usr/share/nginx/html                   1.0s
[0m[34m => CACHED [build 2/7] WORKDIR /app                                        0.0s
[0m[34m => CACHED [build 3/7] COPY package*.json ./                               0.0s
[0m[34m => CACHED [build 4/7] RUN npm install                                     0.0s
[0m[34m => [build 5/7] COPY . .                                                   6.4s
[0m => [build 6/7] RUN npm run build -- --configuration production            0.6s
[?25h[1A[1A[1A[1A[1A[1A[1A[1A[1A[0G[?25l[+] Building 12.8s (12/15)                                                      
[34m => [internal] load build context                                          3.3s
[0m[34m => => transferring context: 1.94MB                                        3.3s
[0m[34m => [stage-1 2/3] RUN chmod -R 755 /usr/share/nginx/html                   1.0s
[0m[34m => CACHED [build 2/7] WORKDIR /app                                        0.0s
[0m[34m => CACHED [build 3/7] COPY package*.json ./                               0.0s
[0m[34m => CACHED [build 4/7] RUN npm install                                     0.0s
[0m[34m => [build 5/7] COPY . .                                                   6.4s
[0m => [build 6/7] RUN npm run build -- --configuration production            0.7s
[?25h[1A[1A[1A[1A[1A[1A[1A[1A[1A[0G[?25l[+] Building 13.0s (12/15)                                                      
[34m => [internal] load build context                                          3.3s
[0m[34m => => transferring context: 1.94MB                                        3.3s
[0m[34m => [stage-1 2/3] RUN chmod -R 755 /usr/share/nginx/html                   1.0s
[0m[34m => CACHED [build 2/7] WORKDIR /app                                        0.0s
[0m[34m => CACHED [build 3/7] COPY package*.json ./                               0.0s
[0m[34m => CACHED [build 4/7] RUN npm install                                     0.0s
[0m[34m => [build 5/7] COPY . .                                                   6.4s
[0m => [build 6/7] RUN npm run build -- --configuration production            0.9s
[?25h[1A[1A[1A[1A[1A[1A[1A[1A[1A[0G[?25l[+] Building 13.2s (12/15)                                                      
[34m => [internal] load build context                                          3.3s
[0m[34m => => transferring context: 1.94MB                                        3.3s
[0m[34m => [stage-1 2/3] RUN chmod -R 755 /usr/share/nginx/html                   1.0s
[0m[34m => CACHED [build 2/7] WORKDIR /app                                        0.0s
[0m[34m => CACHED [build 3/7] COPY package*.json ./                               0.0s
[0m[34m => CACHED [build 4/7] RUN npm install                                     0.0s
[0m[34m => [build 5/7] COPY . .                                                   6.4s
[0m => [build 6/7] RUN npm run build -- --configuration production            1.0s
[?25h[1A[1A[1A[1A[1A[1A[1A[1A[1A[0G[?25l[+] Building 13.3s (12/15)                                                      
[34m => [internal] load build context                                          3.3s
[0m[34m => => transferring context: 1.94MB                                        3.3s
[0m[34m => [stage-1 2/3] RUN chmod -R 755 /usr/share/nginx/html                   1.0s
[0m[34m => CACHED [build 2/7] WORKDIR /app                                        0.0s
[0m[34m => CACHED [build 3/7] COPY package*.json ./                               0.0s
[0m[34m => CACHED [build 4/7] RUN npm install                                     0.0s
[0m[34m => [build 5/7] COPY . .                                                   6.4s
[0m => [build 6/7] RUN npm run build -- --configuration production            1.2s
[?25h[1A[1A[1A[1A[1A[1A[1A[1A[1A[0G[?25l[+] Building 13.5s (12/15)                                                      
[34m => [internal] load build context                                          3.3s
[0m[34m => => transferring context: 1.94MB                                        3.3s
[0m[34m => [stage-1 2/3] RUN chmod -R 755 /usr/share/nginx/html                   1.0s
[0m[34m => CACHED [build 2/7] WORKDIR /app                                        0.0s
[0m[34m => CACHED [build 3/7] COPY package*.json ./                               0.0s
[0m[34m => CACHED [build 4/7] RUN npm install                                     0.0s
[0m[34m => [build 5/7] COPY . .                                                   6.4s
[0m => [build 6/7] RUN npm run build -- --configuration production            1.3s
[?25h[1A[1A[1A[1A[1A[1A[1A[1A[1A[0G[?25l[+] Building 13.6s (12/15)                                                      
[34m => [internal] load build context                                          3.3s
[0m[34m => => transferring context: 1.94MB                                        3.3s
[0m[34m => [stage-1 2/3] RUN chmod -R 755 /usr/share/nginx/html                   1.0s
[0m[34m => CACHED [build 2/7] WORKDIR /app                                        0.0s
[0m[34m => CACHED [build 3/7] COPY package*.json ./                               0.0s
[0m[34m => CACHED [build 4/7] RUN npm install                                     0.0s
[0m[34m => [build 5/7] COPY . .                                                   6.4s
[0m => [build 6/7] RUN npm run build -- --configuration production            1.5s
[?25h[1A[1A[1A[1A[1A[1A[1A[1A[1A[0G[?25l[+] Building 13.8s (12/15)                                                      
[34m => [internal] load build context                                          3.3s
[0m[34m => => transferring context: 1.94MB                                        3.3s
[0m[34m => [stage-1 2/3] RUN chmod -R 755 /usr/share/nginx/html                   1.0s
[0m[34m => CACHED [build 2/7] WORKDIR /app                                        0.0s
[0m[34m => CACHED [build 3/7] COPY package*.json ./                               0.0s
[0m[34m => CACHED [build 4/7] RUN npm install                                     0.0s
[0m[34m => [build 5/7] COPY . .                                                   6.4s
[0m => [build 6/7] RUN npm run build -- --configuration production            1.6s
[?25h[1A[1A[1A[1A[1A[1A[1A[1A[1A[0G[?25l[+] Building 13.9s (12/15)                                                      
[34m => [internal] load build context                                          3.3s
[0m[34m => => transferring context: 1.94MB                                        3.3s
[0m[34m => [stage-1 2/3] RUN chmod -R 755 /usr/share/nginx/html                   1.0s
[0m[34m => CACHED [build 2/7] WORKDIR /app                                        0.0s
[0m[34m => CACHED [build 3/7] COPY package*.json ./                               0.0s
[0m[34m => CACHED [build 4/7] RUN npm install                                     0.0s
[0m[34m => [build 5/7] COPY . .                                                   6.4s
[0m => [build 6/7] RUN npm run build -- --configuration production            1.8s
[?25h[1A[1A[1A[1A[1A[1A[1A[1A[1A[0G[?25l[+] Building 14.1s (12/15)                                                      
[34m => [internal] load build context                                          3.3s
[0m[34m => => transferring context: 1.94MB                                        3.3s
[0m[34m => [stage-1 2/3] RUN chmod -R 755 /usr/share/nginx/html                   1.0s
[0m[34m => CACHED [build 2/7] WORKDIR /app                                        0.0s
[0m[34m => CACHED [build 3/7] COPY package*.json ./                               0.0s
[0m[34m => CACHED [build 4/7] RUN npm install                                     0.0s
[0m[34m => [build 5/7] COPY . .                                                   6.4s
[0m => [build 6/7] RUN npm run build -- --configuration production            2.0s
[?25h[1A[1A[1A[1A[1A[1A[1A[1A[1A[0G[?25l[+] Building 14.2s (12/15)                                                      
[34m => [internal] load build context                                          3.3s
[0m[34m => => transferring context: 1.94MB                                        3.3s
[0m[34m => [stage-1 2/3] RUN chmod -R 755 /usr/share/nginx/html                   1.0s
[0m[34m => CACHED [build 2/7] WORKDIR /app                                        0.0s
[0m[34m => CACHED [build 3/7] COPY package*.json ./                               0.0s
[0m[34m => CACHED [build 4/7] RUN npm install                                     0.0s
[0m[34m => [build 5/7] COPY . .                                                   6.4s
[0m => [build 6/7] RUN npm run build -- --configuration production            2.1s
[?25h[1A[1A[1A[1A[1A[1A[1A[1A[1A[0G[?25l[+] Building 14.4s (12/15)                                                      
[34m => [internal] load build context                                          3.3s
[0m[34m => => transferring context: 1.94MB                                        3.3s
[0m[34m => [stage-1 2/3] RUN chmod -R 755 /usr/share/nginx/html                   1.0s
[0m[34m => CACHED [build 2/7] WORKDIR /app                                        0.0s
[0m[34m => CACHED [build 3/7] COPY package*.json ./                               0.0s
[0m[34m => CACHED [build 4/7] RUN npm install                                     0.0s
[0m[34m => [build 5/7] COPY . .                                                   6.4s
[0m => [build 6/7] RUN npm run build -- --configuration production            2.3s
[?25h[1A[1A[1A[1A[1A[1A[1A[1A[1A[0G[?25l[+] Building 14.6s (12/15)                                                      
[34m => [internal] load build context                                          3.3s
[0m[34m => => transferring context: 1.94MB                                        3.3s
[0m[34m => [stage-1 2/3] RUN chmod -R 755 /usr/share/nginx/html                   1.0s
[0m[34m => CACHED [build 2/7] WORKDIR /app                                        0.0s
[0m[34m => CACHED [build 3/7] COPY package*.json ./                               0.0s
[0m[34m => CACHED [build 4/7] RUN npm install                                     0.0s
[0m[34m => [build 5/7] COPY . .                                                   6.4s
[0m => [build 6/7] RUN npm run build -- --configuration production            2.4s
[?25h[1A[1A[1A[1A[1A[1A[1A[1A[1A[0G[?25l[+] Building 14.7s (12/15)                                                      
[34m => [internal] load build context                                          3.3s
[0m[34m => => transferring context: 1.94MB                                        3.3s
[0m[34m => [stage-1 2/3] RUN chmod -R 755 /usr/share/nginx/html                   1.0s
[0m[34m => CACHED [build 2/7] WORKDIR /app                                        0.0s
[0m[34m => CACHED [build 3/7] COPY package*.json ./                               0.0s
[0m[34m => CACHED [build 4/7] RUN npm install                                     0.0s
[0m[34m => [build 5/7] COPY . .                                                   6.4s
[0m => [build 6/7] RUN npm run build -- --configuration production            2.6s
[?25h[1A[1A[1A[1A[1A[1A[1A[1A[1A[0G[?25l[+] Building 14.9s (12/15)                                                      
[34m => [internal] load build context                                          3.3s
[0m[34m => => transferring context: 1.94MB                                        3.3s
[0m[34m => [stage-1 2/3] RUN chmod -R 755 /usr/share/nginx/html                   1.0s
[0m[34m => CACHED [build 2/7] WORKDIR /app                                        0.0s
[0m[34m => CACHED [build 3/7] COPY package*.json ./                               0.0s
[0m[34m => CACHED [build 4/7] RUN npm install                                     0.0s
[0m[34m => [build 5/7] COPY . .                                                   6.4s
[0m => [build 6/7] RUN npm run build -- --configuration production            2.7s
[?25h[1A[1A[1A[1A[1A[1A[1A[1A[1A[0G[?25l[+] Building 15.0s (12/15)                                                      
[34m => [internal] load build context                                          3.3s
[0m[34m => => transferring context: 1.94MB                                        3.3s
[0m[34m => [stage-1 2/3] RUN chmod -R 755 /usr/share/nginx/html                   1.0s
[0m[34m => CACHED [build 2/7] WORKDIR /app                                        0.0s
[0m[34m => CACHED [build 3/7] COPY package*.json ./                               0.0s
[0m[34m => CACHED [build 4/7] RUN npm install                                     0.0s
[0m[34m => [build 5/7] COPY . .                                                   6.4s
[0m => [build 6/7] RUN npm run build -- --configuration production            2.9s
[?25h[1A[1A[1A[1A[1A[1A[1A[1A[1A[0G[?25l[+] Building 15.2s (12/15)                                                      
[34m => [internal] load build context                                          3.3s
[0m[34m => => transferring context: 1.94MB                                        3.3s
[0m[34m => [stage-1 2/3] RUN chmod -R 755 /usr/share/nginx/html                   1.0s
[0m[34m => CACHED [build 2/7] WORKDIR /app                                        0.0s
[0m[34m => CACHED [build 3/7] COPY package*.json ./                               0.0s
[0m[34m => CACHED [build 4/7] RUN npm install                                     0.0s
[0m[34m => [build 5/7] COPY . .                                                   6.4s
[0m => [build 6/7] RUN npm run build -- --configuration production            3.0s
[?25h[1A[1A[1A[1A[1A[1A[1A[1A[1A[0G[?25l[+] Building 15.3s (12/15)                                                      
[34m => [internal] load build context                                          3.3s
[0m[34m => => transferring context: 1.94MB                                        3.3s
[0m[34m => [stage-1 2/3] RUN chmod -R 755 /usr/share/nginx/html                   1.0s
[0m[34m => CACHED [build 2/7] WORKDIR /app                                        0.0s
[0m[34m => CACHED [build 3/7] COPY package*.json ./                               0.0s
[0m[34m => CACHED [build 4/7] RUN npm install                                     0.0s
[0m[34m => [build 5/7] COPY . .                                                   6.4s
[0m => [build 6/7] RUN npm run build -- --configuration production            3.2s
[?25h[1A[1A[1A[1A[1A[1A[1A[1A[1A[0G[?25l[+] Building 15.5s (12/15)                                                      
[34m => [internal] load build context                                          3.3s
[0m[34m => => transferring context: 1.94MB                                        3.3s
[0m[34m => [stage-1 2/3] RUN chmod -R 755 /usr/share/nginx/html                   1.0s
[0m[34m => CACHED [build 2/7] WORKDIR /app                                        0.0s
[0m[34m => CACHED [build 3/7] COPY package*.json ./                               0.0s
[0m[34m => CACHED [build 4/7] RUN npm install                                     0.0s
[0m[34m => [build 5/7] COPY . .                                                   6.4s
[0m => [build 6/7] RUN npm run build -- --configuration production            3.3s
[?25h[1A[1A[1A[1A[1A[1A[1A[1A[1A[0G[?25l[+] Building 15.6s (12/15)                                                      
[34m => [internal] load build context                                          3.3s
[0m[34m => => transferring context: 1.94MB                                        3.3s
[0m[34m => [stage-1 2/3] RUN chmod -R 755 /usr/share/nginx/html                   1.0s
[0m[34m => CACHED [build 2/7] WORKDIR /app                                        0.0s
[0m[34m => CACHED [build 3/7] COPY package*.json ./                               0.0s
[0m[34m => CACHED [build 4/7] RUN npm install                                     0.0s
[0m[34m => [build 5/7] COPY . .                                                   6.4s
[0m => [build 6/7] RUN npm run build -- --configuration production            3.5s
[?25h[1A[1A[1A[1A[1A[1A[1A[1A[1A[0G[?25l[+] Building 15.8s (12/15)                                                      
[34m => [internal] load build context                                          3.3s
[0m[34m => => transferring context: 1.94MB                                        3.3s
[0m[34m => [stage-1 2/3] RUN chmod -R 755 /usr/share/nginx/html                   1.0s
[0m[34m => CACHED [build 2/7] WORKDIR /app                                        0.0s
[0m[34m => CACHED [build 3/7] COPY package*.json ./                               0.0s
[0m[34m => CACHED [build 4/7] RUN npm install                                     0.0s
[0m[34m => [build 5/7] COPY . .                                                   6.4s
[0m => [build 6/7] RUN npm run build -- --configuration production            3.7s
[?25h[1A[1A[1A[1A[1A[1A[1A[1A[1A[0G[?25l[+] Building 16.0s (12/15)                                                      
[34m => [internal] load build context                                          3.3s
[0m[34m => => transferring context: 1.94MB                                        3.3s
[0m[34m => [stage-1 2/3] RUN chmod -R 755 /usr/share/nginx/html                   1.0s
[0m[34m => CACHED [build 2/7] WORKDIR /app                                        0.0s
[0m[34m => CACHED [build 3/7] COPY package*.json ./                               0.0s
[0m[34m => CACHED [build 4/7] RUN npm install                                     0.0s
[0m[34m => [build 5/7] COPY . .                                                   6.4s
[0m => [build 6/7] RUN npm run build -- --configuration production            3.8s
[?25h[1A[1A[1A[1A[1A[1A[1A[1A[1A[0G[?25l[+] Building 16.1s (12/15)                                                      
[34m => [internal] load build context                                          3.3s
[0m[34m => => transferring context: 1.94MB                                        3.3s
[0m[34m => [stage-1 2/3] RUN chmod -R 755 /usr/share/nginx/html                   1.0s
[0m[34m => CACHED [build 2/7] WORKDIR /app                                        0.0s
[0m[34m => CACHED [build 3/7] COPY package*.json ./                               0.0s
[0m[34m => CACHED [build 4/7] RUN npm install                                     0.0s
[0m[34m => [build 5/7] COPY . .                                                   6.4s
[0m => [build 6/7] RUN npm run build -- --configuration production            4.0s
[?25h[1A[1A[1A[1A[1A[1A[1A[1A[1A[0G[?25l[+] Building 16.3s (12/15)                                                      
[34m => [internal] load build context                                          3.3s
[0m[34m => => transferring context: 1.94MB                                        3.3s
[0m[34m => [stage-1 2/3] RUN chmod -R 755 /usr/share/nginx/html                   1.0s
[0m[34m => CACHED [build 2/7] WORKDIR /app                                        0.0s
[0m[34m => CACHED [build 3/7] COPY package*.json ./                               0.0s
[0m[34m => CACHED [build 4/7] RUN npm install                                     0.0s
[0m[34m => [build 5/7] COPY . .                                                   6.4s
[0m => [build 6/7] RUN npm run build -- --configuration production            4.1s
[?25h[1A[1A[1A[1A[1A[1A[1A[1A[1A[0G[?25l[+] Building 16.4s (12/15)                                                      
[34m => [internal] load build context                                          3.3s
[0m[34m => => transferring context: 1.94MB                                        3.3s
[0m[34m => [stage-1 2/3] RUN chmod -R 755 /usr/share/nginx/html                   1.0s
[0m[34m => CACHED [build 2/7] WORKDIR /app                                        0.0s
[0m[34m => CACHED [build 3/7] COPY package*.json ./                               0.0s
[0m[34m => CACHED [build 4/7] RUN npm install                                     0.0s
[0m[34m => [build 5/7] COPY . .                                                   6.4s
[0m => [build 6/7] RUN npm run build -- --configuration production            4.3s
[?25h[1A[1A[1A[1A[1A[1A[1A[1A[1A[0G[?25l[+] Building 16.6s (12/15)                                                      
[34m => [internal] load build context                                          3.3s
[0m[34m => => transferring context: 1.94MB                                        3.3s
[0m[34m => [stage-1 2/3] RUN chmod -R 755 /usr/share/nginx/html                   1.0s
[0m[34m => CACHED [build 2/7] WORKDIR /app                                        0.0s
[0m[34m => CACHED [build 3/7] COPY package*.json ./                               0.0s
[0m[34m => CACHED [build 4/7] RUN npm install                                     0.0s
[0m[34m => [build 5/7] COPY . .                                                   6.4s
[0m => [build 6/7] RUN npm run build -- --configuration production            4.4s
[?25h[1A[1A[1A[1A[1A[1A[1A[1A[1A[0G[?25l[+] Building 16.7s (12/15)                                                      
[34m => [internal] load build context                                          3.3s
[0m[34m => => transferring context: 1.94MB                                        3.3s
[0m[34m => [stage-1 2/3] RUN chmod -R 755 /usr/share/nginx/html                   1.0s
[0m[34m => CACHED [build 2/7] WORKDIR /app                                        0.0s
[0m[34m => CACHED [build 3/7] COPY package*.json ./                               0.0s
[0m[34m => CACHED [build 4/7] RUN npm install                                     0.0s
[0m[34m => [build 5/7] COPY . .                                                   6.4s
[0m => [build 6/7] RUN npm run build -- --configuration production            4.6s
[?25h[1A[1A[1A[1A[1A[1A[1A[1A[1A[0G[?25l[+] Building 16.9s (12/15)                                                      
[34m => [internal] load build context                                          3.3s
[0m[34m => => transferring context: 1.94MB                                        3.3s
[0m[34m => [stage-1 2/3] RUN chmod -R 755 /usr/share/nginx/html                   1.0s
[0m[34m => CACHED [build 2/7] WORKDIR /app                                        0.0s
[0m[34m => CACHED [build 3/7] COPY package*.json ./                               0.0s
[0m[34m => CACHED [build 4/7] RUN npm install                                     0.0s
[0m[34m => [build 5/7] COPY . .                                                   6.4s
[0m => [build 6/7] RUN npm run build -- --configuration production            4.8s
[?25h[1A[1A[1A[1A[1A[1A[1A[1A[1A[0G[?25l[+] Building 17.0s (12/15)                                                      
[34m => [internal] load build context                                          3.3s
[0m[34m => => transferring context: 1.94MB                                        3.3s
[0m[34m => [stage-1 2/3] RUN chmod -R 755 /usr/share/nginx/html                   1.0s
[0m[34m => CACHED [build 2/7] WORKDIR /app                                        0.0s
[0m[34m => CACHED [build 3/7] COPY package*.json ./                               0.0s
[0m[34m => CACHED [build 4/7] RUN npm install                                     0.0s
[0m[34m => [build 5/7] COPY . .                                                   6.4s
[0m => [build 6/7] RUN npm run build -- --configuration production            4.9s
[?25h[1A[1A[1A[1A[1A[1A[1A[1A[1A[0G[?25l[+] Building 17.2s (12/15)                                                      
[34m => [internal] load build context                                          3.3s
[0m[34m => => transferring context: 1.94MB                                        3.3s
[0m[34m => [stage-1 2/3] RUN chmod -R 755 /usr/share/nginx/html                   1.0s
[0m[34m => CACHED [build 2/7] WORKDIR /app                                        0.0s
[0m[34m => CACHED [build 3/7] COPY package*.json ./                               0.0s
[0m[34m => CACHED [build 4/7] RUN npm install                                     0.0s
[0m[34m => [build 5/7] COPY . .                                                   6.4s
[0m => [build 6/7] RUN npm run build -- --configuration production            5.1s
[?25h[1A[1A[1A[1A[1A[1A[1A[1A[1A[0G[?25l[+] Building 17.4s (12/15)                                                      
[34m => [internal] load build context                                          3.3s
[0m[34m => => transferring context: 1.94MB                                        3.3s
[0m[34m => [stage-1 2/3] RUN chmod -R 755 /usr/share/nginx/html                   1.0s
[0m[34m => CACHED [build 2/7] WORKDIR /app                                        0.0s
[0m[34m => CACHED [build 3/7] COPY package*.json ./                               0.0s
[0m[34m => CACHED [build 4/7] RUN npm install                                     0.0s
[0m[34m => [build 5/7] COPY . .                                                   6.4s
[0m => [build 6/7] RUN npm run build -- --configuration production            5.2s
[?25h[1A[1A[1A[1A[1A[1A[1A[1A[1A[0G[?25l[+] Building 17.5s (12/15)                                                      
[34m => [internal] load build context                                          3.3s
[0m[34m => => transferring context: 1.94MB                                        3.3s
[0m[34m => [stage-1 2/3] RUN chmod -R 755 /usr/share/nginx/html                   1.0s
[0m[34m => CACHED [build 2/7] WORKDIR /app                                        0.0s
[0m[34m => CACHED [build 3/7] COPY package*.json ./                               0.0s
[0m[34m => CACHED [build 4/7] RUN npm install                                     0.0s
[0m[34m => [build 5/7] COPY . .                                                   6.4s
[0m => [build 6/7] RUN npm run build -- --configuration production            5.4s
[?25h[1A[1A[1A[1A[1A[1A[1A[1A[1A[0G[?25l[+] Building 17.7s (12/15)                                                      
[34m => [internal] load build context                                          3.3s
[0m[34m => => transferring context: 1.94MB                                        3.3s
[0m[34m => [stage-1 2/3] RUN chmod -R 755 /usr/share/nginx/html                   1.0s
[0m[34m => CACHED [build 2/7] WORKDIR /app                                        0.0s
[0m[34m => CACHED [build 3/7] COPY package*.json ./                               0.0s
[0m[34m => CACHED [build 4/7] RUN npm install                                     0.0s
[0m[34m => [build 5/7] COPY . .                                                   6.4s
[0m => [build 6/7] RUN npm run build -- --configuration production            5.5s
[?25h[1A[1A[1A[1A[1A[1A[1A[1A[1A[0G[?25l[+] Building 17.8s (12/15)                                                      
[34m => [internal] load build context                                          3.3s
[0m[34m => => transferring context: 1.94MB                                        3.3s
[0m[34m => [stage-1 2/3] RUN chmod -R 755 /usr/share/nginx/html                   1.0s
[0m[34m => CACHED [build 2/7] WORKDIR /app                                        0.0s
[0m[34m => CACHED [build 3/7] COPY package*.json ./                               0.0s
[0m[34m => CACHED [build 4/7] RUN npm install                                     0.0s
[0m[34m => [build 5/7] COPY . .                                                   6.4s
[0m => [build 6/7] RUN npm run build -- --configuration production            5.7s
[?25h[1A[1A[1A[1A[1A[1A[1A[1A[1A[0G[?25l[+] Building 18.0s (12/15)                                                      
[34m => [internal] load build context                                          3.3s
[0m[34m => => transferring context: 1.94MB                                        3.3s
[0m[34m => [stage-1 2/3] RUN chmod -R 755 /usr/share/nginx/html                   1.0s
[0m[34m => CACHED [build 2/7] WORKDIR /app                                        0.0s
[0m[34m => CACHED [build 3/7] COPY package*.json ./                               0.0s
[0m[34m => CACHED [build 4/7] RUN npm install                                     0.0s
[0m[34m => [build 5/7] COPY . .                                                   6.4s
[0m => [build 6/7] RUN npm run build -- --configuration production            5.8s
[?25h[1A[1A[1A[1A[1A[1A[1A[1A[1A[0G[?25l[+] Building 18.1s (12/15)                                                      
[34m => [internal] load build context                                          3.3s
[0m[34m => => transferring context: 1.94MB                                        3.3s
[0m[34m => [stage-1 2/3] RUN chmod -R 755 /usr/share/nginx/html                   1.0s
[0m[34m => CACHED [build 2/7] WORKDIR /app                                        0.0s
[0m[34m => CACHED [build 3/7] COPY package*.json ./                               0.0s
[0m[34m => CACHED [build 4/7] RUN npm install                                     0.0s
[0m[34m => [build 5/7] COPY . .                                                   6.4s
[0m => [build 6/7] RUN npm run build -- --configuration production            6.0s
[?25h[1A[1A[1A[1A[1A[1A[1A[1A[1A[0G[?25l[+] Building 18.3s (12/15)                                                      
[34m => [internal] load build context                                          3.3s
[0m[34m => => transferring context: 1.94MB                                        3.3s
[0m[34m => [stage-1 2/3] RUN chmod -R 755 /usr/share/nginx/html                   1.0s
[0m[34m => CACHED [build 2/7] WORKDIR /app                                        0.0s
[0m[34m => CACHED [build 3/7] COPY package*.json ./                               0.0s
[0m[34m => CACHED [build 4/7] RUN npm install                                     0.0s
[0m[34m => [build 5/7] COPY . .                                                   6.4s
[0m => [build 6/7] RUN npm run build -- --configuration production            6.1s
[?25h[1A[1A[1A[1A[1A[1A[1A[1A[1A[0G[?25l[+] Building 18.4s (12/15)                                                      
[34m => [internal] load build context                                          3.3s
[0m[34m => => transferring context: 1.94MB                                        3.3s
[0m[34m => [stage-1 2/3] RUN chmod -R 755 /usr/share/nginx/html                   1.0s
[0m[34m => CACHED [build 2/7] WORKDIR /app                                        0.0s
[0m[34m => CACHED [build 3/7] COPY package*.json ./                               0.0s
[0m[34m => CACHED [build 4/7] RUN npm install                                     0.0s
[0m[34m => [build 5/7] COPY . .                                                   6.4s
[0m => [build 6/7] RUN npm run build -- --configuration production            6.3s
[?25h[1A[1A[1A[1A[1A[1A[1A[1A[1A[0G[?25l[+] Building 18.6s (12/15)                                                      
[34m => [internal] load build context                                          3.3s
[0m[34m => => transferring context: 1.94MB                                        3.3s
[0m[34m => [stage-1 2/3] RUN chmod -R 755 /usr/share/nginx/html                   1.0s
[0m[34m => CACHED [build 2/7] WORKDIR /app                                        0.0s
[0m[34m => CACHED [build 3/7] COPY package*.json ./                               0.0s
[0m[34m => CACHED [build 4/7] RUN npm install                                     0.0s
[0m[34m => [build 5/7] COPY . .                                                   6.4s
[0m => [build 6/7] RUN npm run build -- --configuration production            6.5s
[?25h[1A[1A[1A[1A[1A[1A[1A[1A[1A[0G[?25l[+] Building 18.8s (12/15)                                                      
[34m => [internal] load build context                                          3.3s
[0m[34m => => transferring context: 1.94MB                                        3.3s
[0m[34m => [stage-1 2/3] RUN chmod -R 755 /usr/share/nginx/html                   1.0s
[0m[34m => CACHED [build 2/7] WORKDIR /app                                        0.0s
[0m[34m => CACHED [build 3/7] COPY package*.json ./                               0.0s
[0m[34m => CACHED [build 4/7] RUN npm install                                     0.0s
[0m[34m => [build 5/7] COPY . .                                                   6.4s
[0m => [build 6/7] RUN npm run build -- --configuration production            6.6s
[?25h[1A[1A[1A[1A[1A[1A[1A[1A[1A[0G[?25l[+] Building 18.9s (12/15)                                                      
[34m => [internal] load build context                                          3.3s
[0m[34m => => transferring context: 1.94MB                                        3.3s
[0m[34m => [stage-1 2/3] RUN chmod -R 755 /usr/share/nginx/html                   1.0s
[0m[34m => CACHED [build 2/7] WORKDIR /app                                        0.0s
[0m[34m => CACHED [build 3/7] COPY package*.json ./                               0.0s
[0m[34m => CACHED [build 4/7] RUN npm install                                     0.0s
[0m[34m => [build 5/7] COPY . .                                                   6.4s
[0m => [build 6/7] RUN npm run build -- --configuration production            6.8s
[?25h[1A[1A[1A[1A[1A[1A[1A[1A[1A[0G[?25l[+] Building 19.1s (12/15)                                                      
[34m => [internal] load build context                                          3.3s
[0m[34m => => transferring context: 1.94MB                                        3.3s
[0m[34m => [stage-1 2/3] RUN chmod -R 755 /usr/share/nginx/html                   1.0s
[0m[34m => CACHED [build 2/7] WORKDIR /app                                        0.0s
[0m[34m => CACHED [build 3/7] COPY package*.json ./                               0.0s
[0m[34m => CACHED [build 4/7] RUN npm install                                     0.0s
[0m[34m => [build 5/7] COPY . .                                                   6.4s
[0m => [build 6/7] RUN npm run build -- --configuration production            6.9s
[?25h[1A[1A[1A[1A[1A[1A[1A[1A[1A[0G[?25l[+] Building 19.2s (12/15)                                                      
[34m => [internal] load build context                                          3.3s
[0m[34m => => transferring context: 1.94MB                                        3.3s
[0m[34m => [stage-1 2/3] RUN chmod -R 755 /usr/share/nginx/html                   1.0s
[0m[34m => CACHED [build 2/7] WORKDIR /app                                        0.0s
[0m[34m => CACHED [build 3/7] COPY package*.json ./                               0.0s
[0m[34m => CACHED [build 4/7] RUN npm install                                     0.0s
[0m[34m => [build 5/7] COPY . .                                                   6.4s
[0m => [build 6/7] RUN npm run build -- --configuration production            7.1s
[?25h[1A[1A[1A[1A[1A[1A[1A[1A[1A[0G[?25l[+] Building 19.4s (12/15)                                                      
[34m => [internal] load build context                                          3.3s
[0m[34m => => transferring context: 1.94MB                                        3.3s
[0m[34m => [stage-1 2/3] RUN chmod -R 755 /usr/share/nginx/html                   1.0s
[0m[34m => CACHED [build 2/7] WORKDIR /app                                        0.0s
[0m[34m => CACHED [build 3/7] COPY package*.json ./                               0.0s
[0m[34m => CACHED [build 4/7] RUN npm install                                     0.0s
[0m[34m => [build 5/7] COPY . .                                                   6.4s
[0m => [build 6/7] RUN npm run build -- --configuration production            7.2s
[?25h[1A[1A[1A[1A[1A[1A[1A[1A[1A[0G[?25l[+] Building 19.5s (12/15)                                                      
[34m => [internal] load build context                                          3.3s
[0m[34m => => transferring context: 1.94MB                                        3.3s
[0m[34m => [stage-1 2/3] RUN chmod -R 755 /usr/share/nginx/html                   1.0s
[0m[34m => CACHED [build 2/7] WORKDIR /app                                        0.0s
[0m[34m => CACHED [build 3/7] COPY package*.json ./                               0.0s
[0m[34m => CACHED [build 4/7] RUN npm install                                     0.0s
[0m[34m => [build 5/7] COPY . .                                                   6.4s
[0m => [build 6/7] RUN npm run build -- --configuration production            7.4s
[?25h[1A[1A[1A[1A[1A[1A[1A[1A[1A[0G[?25l[+] Building 19.7s (12/15)                                                      
[34m => [internal] load build context                                          3.3s
[0m[34m => => transferring context: 1.94MB                                        3.3s
[0m[34m => [stage-1 2/3] RUN chmod -R 755 /usr/share/nginx/html                   1.0s
[0m[34m => CACHED [build 2/7] WORKDIR /app                                        0.0s
[0m[34m => CACHED [build 3/7] COPY package*.json ./                               0.0s
[0m[34m => CACHED [build 4/7] RUN npm install                                     0.0s
[0m[34m => [build 5/7] COPY . .                                                   6.4s
[0m => [build 6/7] RUN npm run build -- --configuration production            7.5s
[?25h[1A[1A[1A[1A[1A[1A[1A[1A[1A[0G[?25l[+] Building 19.8s (12/15)                                                      
[34m => [internal] load build context                                          3.3s
[0m[34m => => transferring context: 1.94MB                                        3.3s
[0m[34m => [stage-1 2/3] RUN chmod -R 755 /usr/share/nginx/html                   1.0s
[0m[34m => CACHED [build 2/7] WORKDIR /app                                        0.0s
[0m[34m => CACHED [build 3/7] COPY package*.json ./                               0.0s
[0m[34m => CACHED [build 4/7] RUN npm install                                     0.0s
[0m[34m => [build 5/7] COPY . .                                                   6.4s
[0m => [build 6/7] RUN npm run build -- --configuration production            7.7s
[?25h[1A[1A[1A[1A[1A[1A[1A[1A[1A[0G[?25l[+] Building 20.0s (12/15)                                                      
[34m => [internal] load build context                                          3.3s
[0m[34m => => transferring context: 1.94MB                                        3.3s
[0m[34m => [stage-1 2/3] RUN chmod -R 755 /usr/share/nginx/html                   1.0s
[0m[34m => CACHED [build 2/7] WORKDIR /app                                        0.0s
[0m[34m => CACHED [build 3/7] COPY package*.json ./                               0.0s
[0m[34m => CACHED [build 4/7] RUN npm install                                     0.0s
[0m[34m => [build 5/7] COPY . .                                                   6.4s
[0m => [build 6/7] RUN npm run build -- --configuration production            7.9s
[?25h[1A[1A[1A[1A[1A[1A[1A[1A[1A[0G[?25l[+] Building 20.1s (12/15)                                                      
[34m => [internal] load build context                                          3.3s
[0m[34m => => transferring context: 1.94MB                                        3.3s
[0m[34m => [stage-1 2/3] RUN chmod -R 755 /usr/share/nginx/html                   1.0s
[0m[34m => CACHED [build 2/7] WORKDIR /app                                        0.0s
[0m[34m => CACHED [build 3/7] COPY package*.json ./                               0.0s
[0m[34m => CACHED [build 4/7] RUN npm install                                     0.0s
[0m[34m => [build 5/7] COPY . .                                                   6.4s
[0m => [build 6/7] RUN npm run build -- --configuration production            8.0s
[?25h[1A[1A[1A[1A[1A[1A[1A[1A[1A[0G[?25l[+] Building 20.3s (12/15)                                                      
[34m => [internal] load build context                                          3.3s
[0m[34m => => transferring context: 1.94MB                                        3.3s
[0m[34m => [stage-1 2/3] RUN chmod -R 755 /usr/share/nginx/html                   1.0s
[0m[34m => CACHED [build 2/7] WORKDIR /app                                        0.0s
[0m[34m => CACHED [build 3/7] COPY package*.json ./                               0.0s
[0m[34m => CACHED [build 4/7] RUN npm install                                     0.0s
[0m[34m => [build 5/7] COPY . .                                                   6.4s
[0m => [build 6/7] RUN npm run build -- --configuration production            8.2s
[?25h[1A[1A[1A[1A[1A[1A[1A[1A[1A[0G[?25l[+] Building 20.5s (12/15)                                                      
[34m => [internal] load build context                                          3.3s
[0m[34m => => transferring context: 1.94MB                                        3.3s
[0m[34m => [stage-1 2/3] RUN chmod -R 755 /usr/share/nginx/html                   1.0s
[0m[34m => CACHED [build 2/7] WORKDIR /app                                        0.0s
[0m[34m => CACHED [build 3/7] COPY package*.json ./                               0.0s
[0m[34m => CACHED [build 4/7] RUN npm install                                     0.0s
[0m[34m => [build 5/7] COPY . .                                                   6.4s
[0m => [build 6/7] RUN npm run build -- --configuration production            8.3s
[?25h[1A[1A[1A[1A[1A[1A[1A[1A[1A[0G[?25l[+] Building 20.6s (12/15)                                                      
[34m => [internal] load build context                                          3.3s
[0m[34m => => transferring context: 1.94MB                                        3.3s
[0m[34m => [stage-1 2/3] RUN chmod -R 755 /usr/share/nginx/html                   1.0s
[0m[34m => CACHED [build 2/7] WORKDIR /app                                        0.0s
[0m[34m => CACHED [build 3/7] COPY package*.json ./                               0.0s
[0m[34m => CACHED [build 4/7] RUN npm install                                     0.0s
[0m[34m => [build 5/7] COPY . .                                                   6.4s
[0m => [build 6/7] RUN npm run build -- --configuration production            8.5s
[?25h[1A[1A[1A[1A[1A[1A[1A[1A[1A[0G[?25l[+] Building 20.8s (12/15)                                                      
[34m => [internal] load build context                                          3.3s
[0m[34m => => transferring context: 1.94MB                                        3.3s
[0m[34m => [stage-1 2/3] RUN chmod -R 755 /usr/share/nginx/html                   1.0s
[0m[34m => CACHED [build 2/7] WORKDIR /app                                        0.0s
[0m[34m => CACHED [build 3/7] COPY package*.json ./                               0.0s
[0m[34m => CACHED [build 4/7] RUN npm install                                     0.0s
[0m[34m => [build 5/7] COPY . .                                                   6.4s
[0m => [build 6/7] RUN npm run build -- --configuration production            8.6s
[?25h[1A[1A[1A[1A[1A[1A[1A[1A[1A[0G[?25l[+] Building 20.9s (12/15)                                                      
[34m => [internal] load build context                                          3.3s
[0m[34m => => transferring context: 1.94MB                                        3.3s
[0m[34m => [stage-1 2/3] RUN chmod -R 755 /usr/share/nginx/html                   1.0s
[0m[34m => CACHED [build 2/7] WORKDIR /app                                        0.0s
[0m[34m => CACHED [build 3/7] COPY package*.json ./                               0.0s
[0m[34m => CACHED [build 4/7] RUN npm install                                     0.0s
[0m[34m => [build 5/7] COPY . .                                                   6.4s
[0m => [build 6/7] RUN npm run build -- --configuration production            8.8s
[?25h[1A[1A[1A[1A[1A[1A[1A[1A[1A[0G[?25l[+] Building 21.1s (12/15)                                                      
[34m => [internal] load build context                                          3.3s
[0m[34m => => transferring context: 1.94MB                                        3.3s
[0m[34m => [stage-1 2/3] RUN chmod -R 755 /usr/share/nginx/html                   1.0s
[0m[34m => CACHED [build 2/7] WORKDIR /app                                        0.0s
[0m[34m => CACHED [build 3/7] COPY package*.json ./                               0.0s
[0m[34m => CACHED [build 4/7] RUN npm install                                     0.0s
[0m[34m => [build 5/7] COPY . .                                                   6.4s
[0m => [build 6/7] RUN npm run build -- --configuration production            8.9s
[?25h[1A[1A[1A[1A[1A[1A[1A[1A[1A[0G[?25l[+] Building 21.2s (12/15)                                                      
[34m => [internal] load build context                                          3.3s
[0m[34m => => transferring context: 1.94MB                                        3.3s
[0m[34m => [stage-1 2/3] RUN chmod -R 755 /usr/share/nginx/html                   1.0s
[0m[34m => CACHED [build 2/7] WORKDIR /app                                        0.0s
[0m[34m => CACHED [build 3/7] COPY package*.json ./                               0.0s
[0m[34m => CACHED [build 4/7] RUN npm install                                     0.0s
[0m[34m => [build 5/7] COPY . .                                                   6.4s
[0m => [build 6/7] RUN npm run build -- --configuration production            9.1s
[?25h[1A[1A[1A[1A[1A[1A[1A[1A[1A[0G[?25l[+] Building 21.4s (12/15)                                                      
[34m => [internal] load build context                                          3.3s
[0m[34m => => transferring context: 1.94MB                                        3.3s
[0m[34m => [stage-1 2/3] RUN chmod -R 755 /usr/share/nginx/html                   1.0s
[0m[34m => CACHED [build 2/7] WORKDIR /app                                        0.0s
[0m[34m => CACHED [build 3/7] COPY package*.json ./                               0.0s
[0m[34m => CACHED [build 4/7] RUN npm install                                     0.0s
[0m[34m => [build 5/7] COPY . .                                                   6.4s
[0m => [build 6/7] RUN npm run build -- --configuration production            9.2s
[?25h[1A[1A[1A[1A[1A[1A[1A[1A[1A[0G[?25l[+] Building 21.5s (12/15)                                                      
[34m => [internal] load build context                                          3.3s
[0m[34m => => transferring context: 1.94MB                                        3.3s
[0m[34m => [stage-1 2/3] RUN chmod -R 755 /usr/share/nginx/html                   1.0s
[0m[34m => CACHED [build 2/7] WORKDIR /app                                        0.0s
[0m[34m => CACHED [build 3/7] COPY package*.json ./                               0.0s
[0m[34m => CACHED [build 4/7] RUN npm install                                     0.0s
[0m[34m => [build 5/7] COPY . .                                                   6.4s
[0m => [build 6/7] RUN npm run build -- --configuration production            9.4s
[?25h[1A[1A[1A[1A[1A[1A[1A[1A[1A[0G[?25l[+] Building 21.7s (12/15)                                                      
[34m => [internal] load build context                                          3.3s
[0m[34m => => transferring context: 1.94MB                                        3.3s
[0m[34m => [stage-1 2/3] RUN chmod -R 755 /usr/share/nginx/html                   1.0s
[0m[34m => CACHED [build 2/7] WORKDIR /app                                        0.0s
[0m[34m => CACHED [build 3/7] COPY package*.json ./                               0.0s
[0m[34m => CACHED [build 4/7] RUN npm install                                     0.0s
[0m[34m => [build 5/7] COPY . .                                                   6.4s
[0m => [build 6/7] RUN npm run build -- --configuration production            9.6s
[?25h[1A[1A[1A[1A[1A[1A[1A[1A[1A[0G[?25l[+] Building 21.8s (12/15)                                                      
[34m => [internal] load build context                                          3.3s
[0m[34m => => transferring context: 1.94MB                                        3.3s
[0m[34m => [stage-1 2/3] RUN chmod -R 755 /usr/share/nginx/html                   1.0s
[0m[34m => CACHED [build 2/7] WORKDIR /app                                        0.0s
[0m[34m => CACHED [build 3/7] COPY package*.json ./                               0.0s
[0m[34m => CACHED [build 4/7] RUN npm install                                     0.0s
[0m[34m => [build 5/7] COPY . .                                                   6.4s
[0m => [build 6/7] RUN npm run build -- --configuration production            9.7s
[?25h[1A[1A[1A[1A[1A[1A[1A[1A[1A[0G[?25l[+] Building 22.0s (12/15)                                                      
[34m => [internal] load build context                                          3.3s
[0m[34m => => transferring context: 1.94MB                                        3.3s
[0m[34m => [stage-1 2/3] RUN chmod -R 755 /usr/share/nginx/html                   1.0s
[0m[34m => CACHED [build 2/7] WORKDIR /app                                        0.0s
[0m[34m => CACHED [build 3/7] COPY package*.json ./                               0.0s
[0m[34m => CACHED [build 4/7] RUN npm install                                     0.0s
[0m[34m => [build 5/7] COPY . .                                                   6.4s
[0m => [build 6/7] RUN npm run build -- --configuration production            9.9s
[?25h[1A[1A[1A[1A[1A[1A[1A[1A[1A[0G[?25l[+] Building 22.2s (12/15)                                                      
[34m => [internal] load build context                                          3.3s
[0m[34m => => transferring context: 1.94MB                                        3.3s
[0m[34m => [stage-1 2/3] RUN chmod -R 755 /usr/share/nginx/html                   1.0s
[0m[34m => CACHED [build 2/7] WORKDIR /app                                        0.0s
[0m[34m => CACHED [build 3/7] COPY package*.json ./                               0.0s
[0m[34m => CACHED [build 4/7] RUN npm install                                     0.0s
[0m[34m => [build 5/7] COPY . .                                                   6.4s
[0m => [build 6/7] RUN npm run build -- --configuration production           10.0s
[?25h[1A[1A[1A[1A[1A[1A[1A[1A[1A[0G[?25l[+] Building 22.3s (12/15)                                                      
[34m => [internal] load build context                                          3.3s
[0m[34m => => transferring context: 1.94MB                                        3.3s
[0m[34m => [stage-1 2/3] RUN chmod -R 755 /usr/share/nginx/html                   1.0s
[0m[34m => CACHED [build 2/7] WORKDIR /app                                        0.0s
[0m[34m => CACHED [build 3/7] COPY package*.json ./                               0.0s
[0m[34m => CACHED [build 4/7] RUN npm install                                     0.0s
[0m[34m => [build 5/7] COPY . .                                                   6.4s
[0m => [build 6/7] RUN npm run build -- --configuration production           10.2s
[?25h[1A[1A[1A[1A[1A[1A[1A[1A[1A[0G[?25l[+] Building 22.4s (12/15)                                                      
[34m => [internal] load build context                                          3.3s
[0m[34m => => transferring context: 1.94MB                                        3.3s
[0m[34m => [stage-1 2/3] RUN chmod -R 755 /usr/share/nginx/html                   1.0s
[0m[34m => CACHED [build 2/7] WORKDIR /app                                        0.0s
[0m[34m => CACHED [build 3/7] COPY package*.json ./                               0.0s
[0m[34m => CACHED [build 4/7] RUN npm install                                     0.0s
[0m[34m => [build 5/7] COPY . .                                                   6.4s
[0m => [build 6/7] RUN npm run build -- --configuration production           10.3s
[?25h[1A[1A[1A[1A[1A[1A[1A[1A[1A[0G[?25l[+] Building 22.6s (13/15)                                                      
[34m => [internal] load build context                                          3.3s
[0m[34m => => transferring context: 1.94MB                                        3.3s
[0m[34m => [stage-1 2/3] RUN chmod -R 755 /usr/share/nginx/html                   1.0s
[0m[34m => CACHED [build 2/7] WORKDIR /app                                        0.0s
[0m[34m => CACHED [build 3/7] COPY package*.json ./                               0.0s
[0m[34m => CACHED [build 4/7] RUN npm install                                     0.0s
[0m[34m => [build 5/7] COPY . .                                                   6.4s
[0m[34m => [build 6/7] RUN npm run build -- --configuration production           10.4s
[0m[?25h[1A[1A[1A[1A[1A[1A[1A[1A[1A[0G[?25l[+] Building 22.7s (13/15)                                                      
[34m => => transferring context: 1.94MB                                        3.3s
[0m[34m => [stage-1 2/3] RUN chmod -R 755 /usr/share/nginx/html                   1.0s
[0m[34m => CACHED [build 2/7] WORKDIR /app                                        0.0s
[0m[34m => CACHED [build 3/7] COPY package*.json ./                               0.0s
[0m[34m => CACHED [build 4/7] RUN npm install                                     0.0s
[0m[34m => [build 5/7] COPY . .                                                   6.4s
[0m[34m => [build 6/7] RUN npm run build -- --configuration production           10.4s
[0m => [build 7/7] RUN echo "Dist folder location:" && ls -l /app/dist && ec  0.2s
[?25h[1A[1A[1A[1A[1A[1A[1A[1A[1A[0G[?25l[+] Building 22.9s (13/15)                                                      
[34m => => transferring context: 1.94MB                                        3.3s
[0m[34m => [stage-1 2/3] RUN chmod -R 755 /usr/share/nginx/html                   1.0s
[0m[34m => CACHED [build 2/7] WORKDIR /app                                        0.0s
[0m[34m => CACHED [build 3/7] COPY package*.json ./                               0.0s
[0m[34m => CACHED [build 4/7] RUN npm install                                     0.0s
[0m[34m => [build 5/7] COPY . .                                                   6.4s
[0m[34m => [build 6/7] RUN npm run build -- --configuration production           10.4s
[0m => [build 7/7] RUN echo "Dist folder location:" && ls -l /app/dist && ec  0.3s
[?25h[1A[1A[1A[1A[1A[1A[1A[1A[1A[0G[?25l[+] Building 23.0s (13/15)                                                      
[34m => => transferring context: 1.94MB                                        3.3s
[0m[34m => [stage-1 2/3] RUN chmod -R 755 /usr/share/nginx/html                   1.0s
[0m[34m => CACHED [build 2/7] WORKDIR /app                                        0.0s
[0m[34m => CACHED [build 3/7] COPY package*.json ./                               0.0s
[0m[34m => CACHED [build 4/7] RUN npm install                                     0.0s
[0m[34m => [build 5/7] COPY . .                                                   6.4s
[0m[34m => [build 6/7] RUN npm run build -- --configuration production           10.4s
[0m => [build 7/7] RUN echo "Dist folder location:" && ls -l /app/dist && ec  0.5s
[?25h[1A[1A[1A[1A[1A[1A[1A[1A[1A[0G[?25l[+] Building 23.1s (14/15)                                                      
[34m => [stage-1 2/3] RUN chmod -R 755 /usr/share/nginx/html                   1.0s
[0m[34m => CACHED [build 2/7] WORKDIR /app                                        0.0s
[0m[34m => CACHED [build 3/7] COPY package*.json ./                               0.0s
[0m[34m => CACHED [build 4/7] RUN npm install                                     0.0s
[0m[34m => [build 5/7] COPY . .                                                   6.4s
[0m[34m => [build 6/7] RUN npm run build -- --configuration production           10.4s
[0m[34m => [build 7/7] RUN echo "Dist folder location:" && ls -l /app/dist && ec  0.6s
[0m => [stage-1 3/3] COPY --from=build /app/dist/ng-api-app /usr/share/nginx  0.0s
[?25h[1A[1A[1A[1A[1A[1A[1A[1A[1A[0G[?25l[+] Building 23.3s (15/16)                                                      
[34m => CACHED [build 3/7] COPY package*.json ./                               0.0s
[0m[34m => CACHED [build 4/7] RUN npm install                                     0.0s
[0m[34m => [build 5/7] COPY . .                                                   6.4s
[0m[34m => [build 6/7] RUN npm run build -- --configuration production           10.4s
[0m[34m => [build 7/7] RUN echo "Dist folder location:" && ls -l /app/dist && ec  0.6s
[0m[34m => [stage-1 3/3] COPY --from=build /app/dist/ng-api-app /usr/share/nginx  0.1s
[0m => exporting to image                                                     0.1s
[34m => => exporting layers                                                    0.1s
[0m[?25h[1A[1A[1A[1A[1A[1A[1A[1A[1A[0G[?25l[+] Building 23.3s (16/16) FINISHED                                             
[34m => [internal] load build definition from Dockerfile                       0.0s
[0m[34m => => transferring dockerfile: 921B                                       0.0s
[0m[34m => [internal] load .dockerignore                                          0.0s
[0m[34m => => transferring context: 2B                                            0.0s
[0m[34m => [internal] load metadata for docker.io/library/nginx:alpine            2.3s
[0m[34m => [internal] load metadata for docker.io/library/node:20.14.0            2.2s
[0m[34m => CACHED [stage-1 1/3] FROM docker.io/library/nginx:alpine@sha256:74175  0.0s
[0m[34m => [build 1/7] FROM docker.io/library/node:20.14.0@sha256:02cd2205818f12  0.0s
[0m[34m => [internal] load build context                                          3.3s
[0m[34m => => transferring context: 1.94MB                                        3.3s
[0m[34m => [stage-1 2/3] RUN chmod -R 755 /usr/share/nginx/html                   1.0s
[0m[34m => CACHED [build 2/7] WORKDIR /app                                        0.0s
[0m[34m => CACHED [build 3/7] COPY package*.json ./                               0.0s
[0m[34m => CACHED [build 4/7] RUN npm install                                     0.0s
[0m[34m => [build 5/7] COPY . .                                                   6.4s
[0m[34m => [build 6/7] RUN npm run build -- --configuration production           10.4s
[0m[34m => [build 7/7] RUN echo "Dist folder location:" && ls -l /app/dist && ec  0.6s
[0m[34m => [stage-1 3/3] COPY --from=build /app/dist/ng-api-app /usr/share/nginx  0.1s
[0m[34m => exporting to image                                                     0.1s
[0m[34m => => exporting layers                                                    0.1s
[0m[34m => => writing image sha256:0fc32b82ac9ffef6769c6caa87800cb67a4a67e9964eb  0.0s
[0m[34m => => naming to docker.io/library/angular-app:1.1                         0.0s
[0m[?25h